,pollPlaceName,googlePlaceID,dates
0,BOARD OF ELECTIONS AND REGISTRAR,ChIJFZc46Nty8IgRbZsGMtPyEKs,['03/02/2020 - 03/20/2020 09:00 AM - 05:00 PM']
1,ATKINSON CO. ELECTION OFFICE,ChIJxfoeqMrT74gR2Fyr7PfziI0,"['03/02/2020 - 03/20/2020 08:00 AM - 05:00 PM', '03/14/2020 - 03/14/2020 09:00 AM - 04:00 PM']"
2,BACON COUNTY ELECTIONS OFFICE,EiIyMzIgVyAxMnRoIFN0LCBBbG1hLCBHQSAzMTUxMCwgVVNBIhsSGQoUChIJuYsEZ80b8IgRoJuF93lm0MEQ6AE,"['03/02/2020 - 03/06/2020 09:00 AM - 05:00 PM', '03/09/2020 - 03/13/2020 09:00 AM - 05:00 PM', '03/14/2020 - 03/14/2020 09:00 AM - 04:00 PM', '03/16/2020 - 03/20/2020 09:00 AM - 05:00 PM']"
3,BAKER COUNTY COURTHOUSE,EiMxNjcgQmFrZXIgUGwsIE5ld3RvbiwgR0EgMzk4NzAsIFVTQSIbEhkKFAoSCcEICAdZd-2IETFOCuqN8LZaEKcB,"['03/02/2020 - 03/20/2020 08:30 AM - 04:30 PM', '03/14/2020 - 03/14/2020 08:30 AM - 04:30 PM']"
4,BALDWIN COUNTY COURTHOUSE,ChIJN2-B-t3H9ogRoNNdFcBSTVE,"['03/02/2020 - 03/20/2020 08:30 AM - 05:00 PM', '03/14/2020 - 03/14/2020 09:00 AM - 04:00 PM']"
5,BARROW COUNTY ELECTIONS OFFICE,ChIJg54ZrXzn9YgRD-GPSoXyiuE,"['03/02/2020 - 03/06/2020 08:00 AM - 05:00 PM', '03/07/2020 - 03/07/2020 09:00 AM - 04:00 PM', '03/09/2020 - 03/13/2020 08:00 AM - 05:00 PM', '03/14/2020 - 03/14/2020 09:00 AM - 04:00 PM', '03/16/2020 - 03/20/2020 08:00 AM - 05:00 PM']"
6,ALLATOONA RESOURCE CENTER,ChIJV53fpU9B9YgRGIkTVVVQ5wE,['03/16/2020 - 03/20/2020 08:00 AM - 06:00 PM']
7,CARTERSVILLE CIVIC CENTER,ChIJ1-FvxxpP9YgRH-WZcTF9jmI,"['03/02/2020 - 03/06/2020 08:00 AM - 05:00 PM', '03/09/2020 - 03/13/2020 08:00 AM - 05:00 PM', '03/16/2020 - 03/20/2020 08:00 AM - 06:00 PM']"
8,MANNING MILL PARK FACILITY,ChIJN3bkNPFU9YgRUU-rkFLF7pw,['03/16/2020 - 03/20/2020 08:00 AM - 06:00 PM']
9,REGISTRATION OFFICE,ChIJlcAcvsxP9YgR1fjMjWoqOkU,"['03/02/2020 - 03/06/2020 08:00 AM - 05:00 PM', '03/09/2020 - 03/13/2020 08:00 AM - 05:00 PM', '03/14/2020 - 03/14/2020 08:00 AM - 05:00 PM', '03/16/2020 - 03/20/2020 08:00 AM - 06:00 PM']"
10,EARLY/ ADVANCE,ChIJhe6eWeLp8YgRoivK039J-_U,"['03/02/2020 - 03/13/2020 07:30 AM - 04:00 PM', '03/14/2020 - 03/14/2020 09:00 AM - 04:00 PM', '03/16/2020 - 03/20/2020 07:30 AM - 06:30 PM']"
11,COUNTY ADMIN BUILDING,ChIJ2yOny4k97ogRq0LY3krP7zc,"['03/02/2020 - 03/13/2020 08:00 AM - 04:30 PM', '03/14/2020 - 03/14/2020 09:00 AM - 04:00 PM', '03/16/2020 - 03/20/2020 08:00 AM - 04:30 PM']"
12,MACON BIBB COUNTY BOARD OF ELECTIONS,ChIJ04feGhL884gRm-soH16sE6s,"['03/02/2020 - 03/20/2020 08:30 AM - 05:30 PM', '03/14/2020 - 03/14/2020 09:00 AM - 04:00 PM']"
13,MACON BIBB COUNTY BOARD OF ELECTIONS,ChIJ04feGhL884gRm-soH16sE6s,"['04/27/2020 - 05/15/2020 08:30 AM - 05:30 PM', '05/09/2020 - 05/09/2020 09:00 AM - 04:00 PM']"
14,VR OFFICE,ChIJe5eIRW9u8YgRKOgYFq9VGYs,"['03/02/2020 - 03/06/2020 08:30 AM - 05:00 PM', '03/09/2020 - 03/13/2020 08:30 AM - 05:00 PM', '03/14/2020 - 03/14/2020 09:00 AM - 04:00 PM', '03/16/2020 - 03/20/2020 08:30 AM - 05:00 PM']"
15,VR OFFICE,ChIJe5eIRW9u8YgRKOgYFq9VGYs,"['04/27/2020 - 05/01/2020 08:30 AM - 05:00 PM', '05/04/2020 - 05/08/2020 08:30 AM - 05:00 PM', '05/09/2020 - 05/09/2020 09:00 AM - 04:00 PM', '05/11/2020 - 05/15/2020 08:30 AM - 05:00 PM']"
16,VR OFFICE,ChIJe5eIRW9u8YgRKOgYFq9VGYs,"['10/12/2020 - 10/16/2020 08:30 AM - 05:00 PM', '10/19/2020 - 10/23/2020 08:30 AM - 05:00 PM', '10/24/2020 - 10/24/2020 09:00 AM - 04:00 PM', '10/26/2020 - 10/30/2020 08:30 AM - 05:00 PM']"
17,BRANTLEY CO. ELECTIONS,EicxMDMwNSBOIE1haW4gU3QsIE5haHVudGEsIEdBIDMxNTUzLCBVU0EiGxIZChQKEgnV-KTZaE_liBERXMwEzpBusxDBUA,['03/02/2020 - 03/20/2020 08:00 AM - 05:00 PM']
18,MAIN ELECTIONS OFFICE,ChIJ_Vde9qp_7ogRogDm7RcfoFE,['03/02/2020 - 03/20/2020 09:00 AM - 05:00 PM']
19,BRYAN CO ADMINISTRATION BLDG,ChIJmcJLWQQO-4gRDJyQOoqB6m8,"['03/02/2020 - 03/06/2020 08:00 AM - 05:00 PM', '03/09/2020 - 03/13/2020 08:00 AM - 05:00 PM', '03/14/2020 - 03/14/2020 09:00 AM - 04:00 PM', '03/16/2020 - 03/20/2020 08:00 AM - 05:00 PM']"
20,BRYAN COUNTY COMMISSIONERS MEETING ROOM,ChIJZzhWwI1W-ogRg6ESBcYQP68,"['03/02/2020 - 03/06/2020 08:00 AM - 05:00 PM', '03/09/2020 - 03/13/2020 08:00 AM - 05:00 PM', '03/14/2020 - 03/14/2020 09:00 AM - 04:00 PM', '03/16/2020 - 03/20/2020 08:00 AM - 05:00 PM']"
21,BULLOCH COUNTY ANNEX,ChIJ8UCx2lU_-ogRAGCiyfK-xCI,"['03/02/2020 - 03/06/2020 08:00 AM - 05:00 PM', '03/09/2020 - 03/13/2020 08:00 AM - 05:00 PM', '03/14/2020 - 03/14/2020 09:00 AM - 04:00 PM', '03/16/2020 - 03/20/2020 08:00 AM - 05:00 PM']"
22,COURT HOUSE BURKE CO.,ChIJRw5-8DTv-YgRK_QWjqU0b98,"['03/02/2020 - 03/20/2020 09:00 AM - 05:00 PM', '03/14/2020 - 03/14/2020 09:00 AM - 04:00 PM']"
23,ELECTION OFFICE ADMIN BLDG,ChIJD8ojlipA9IgRUOpaX7DAVmE,"['03/02/2020 - 03/06/2020 08:00 AM - 05:00 PM', '03/09/2020 - 03/13/2020 08:00 AM - 05:00 PM', '03/14/2020 - 03/14/2020 09:00 AM - 04:00 PM', '03/16/2020 - 03/20/2020 08:00 AM - 05:00 PM']"
24,REGISTRAR OFFICE,ChIJ7Rc1tIyf8ogRNitskxxBAlI,"['03/02/2020 - 03/06/2020 08:00 AM - 05:00 PM', '03/09/2020 - 03/13/2020 08:00 AM - 05:00 PM', '03/14/2020 - 03/14/2020 09:00 AM - 04:00 PM', '03/16/2020 - 03/20/2020 08:00 AM - 05:00 PM']"
25,CAMDEN BOARD ANNEX SATURDAY VOTING,ChIJU6VKWtoE5YgRNVMU53m7QvU,['03/14/2020 - 03/14/2020 09:00 AM - 05:00 PM']
26,CAMDEN COUNTY ANNEX,ChIJU6VKWtoE5YgRNVMU53m7QvU,['03/02/2020 - 03/20/2020 08:00 AM - 05:00 PM']
27,WOODBINE EARLY VOTING,ChIJf4xTKLoX5YgRJY5OgAxe5-E,['03/09/2020 - 03/20/2020 08:00 AM - 05:00 PM']
28,JACK STRICKLAND COMMUNITY CENTER,ChIJKYtt_Dty-ogRmvtWkl3n2BY,['03/02/2020 - 03/20/2020 09:00 AM - 05:00 PM']
29,COUNTY ADMINISTRATION BLDG,ChIJA_Mw4hgvi4gR8lenuBe9DAQ,"['03/02/2020 - 03/06/2020 08:00 AM - 05:00 PM', '03/09/2020 - 03/13/2020 08:00 AM - 05:00 PM', '03/14/2020 - 03/14/2020 09:00 AM - 04:00 PM', '03/16/2020 - 03/20/2020 08:00 AM - 05:00 PM']"
30,POWELL PARK ART CENTER,ChIJ5cFrmtoq9YgRuWgSJoLkUj4,['03/16/2020 - 03/20/2020 08:00 AM - 05:00 PM']
31,RINGGOLD PRECINCT,ChIJ66Zjgd9vYIgRwpvYO4XV9bQ,"['03/02/2020 - 03/06/2020 08:00 AM - 05:00 PM', '03/09/2020 - 03/13/2020 08:00 AM - 05:00 PM', '03/14/2020 - 03/14/2020 09:00 AM - 04:00 PM', '03/16/2020 - 03/20/2020 08:00 AM - 05:00 PM', '03/19/2020 - 03/19/2020 08:00 AM - 07:00 PM']"
32,WESTSIDE PRECINCT,ChIJifJRUjFmYIgReNbZYJ5sinE,"['03/02/2020 - 03/06/2020 08:00 AM - 05:00 PM', '03/09/2020 - 03/13/2020 08:00 AM - 05:00 PM', '03/14/2020 - 03/14/2020 09:00 AM - 04:00 PM', '03/16/2020 - 03/20/2020 08:00 AM - 05:00 PM', '03/19/2020 - 03/19/2020 08:00 AM - 07:00 PM']"
33,ST. GEORGE COUNTY BLDG.,ChIJSwWcDeGD5YgR3zx2IbrA18I,['03/07/2020 - 03/07/2020 09:00 AM - 04:00 PM']
34,ISLANDS LIBRARY,ChIJA4_CGuB3-4gRft9KoF35oQ4,['03/16/2020 - 03/20/2020 10:00 AM - 04:00 PM']
35,MOSQUITO CONTROL,ChIJwW6hD5ah-4gRlRTOBONmQG8,['03/16/2020 - 03/20/2020 09:00 AM - 04:00 PM']
36,POOLER CITY HALL,ChIJozo4njSh-4gRR9z_QmH4XJQ,['03/16/2020 - 03/20/2020 10:00 AM - 04:00 PM']
37,SOUTHWEST LIBRARY,ChIJ345g8TkL-4gRA5JcHMEkk58,"['03/02/2020 - 03/06/2020 10:00 AM - 04:00 PM', '03/09/2020 - 03/13/2020 10:00 AM - 04:00 PM', '03/16/2020 - 03/20/2020 10:00 AM - 04:00 PM']"
38,WEST BROAD STREET YMCA,ChIJW2YJfEee-4gReKzjuaDPECE,['03/16/2020 - 03/20/2020 09:00 AM - 04:00 PM']
39,UNIFIED GOVT OFFICES OF CUSSETA-CHATTAHOOCHEE COUNTY,ChIJRzOpwiQm84gRBcZysg4DNSE,"['03/02/2020 - 03/20/2020 09:00 AM - 05:00 PM', '03/14/2020 - 03/14/2020 09:00 AM - 04:00 PM']"
40,CHATTOOGA COUNTY REGISTRARS OFFICE,ChIJIyU0PzEhYIgRj89Brg-vPOM,"['03/02/2020 - 03/06/2020 08:30 AM - 05:00 PM', '03/09/2020 - 03/13/2020 08:30 AM - 05:00 PM', '03/14/2020 - 03/14/2020 09:00 AM - 04:00 PM', '03/16/2020 - 03/20/2020 08:30 AM - 05:00 PM']"
41,BALL GROUND PUBLIC LIBRARY,ChIJm7o1LLR99YgRmMxgVWG_Yws,"['03/14/2020 - 03/14/2020 09:00 AM - 04:00 PM', '03/16/2020 - 03/20/2020 08:30 AM - 07:00 PM']"
42,CHEROKEE COUNTY BOARD OF ELECTIONS,ChIJHRNuQqRl9YgR4wrvTcIR9o4,"['03/02/2020 - 03/06/2020 08:30 AM - 05:00 PM', '03/09/2020 - 03/13/2020 08:30 AM - 05:00 PM', '03/14/2020 - 03/14/2020 09:00 AM - 04:00 PM', '03/16/2020 - 03/20/2020 08:30 AM - 07:00 PM']"
43,HICKORY FLAT PUBLIC LIBRARY,ChIJKTemRTdw9YgRdQoa9xV55hw,"['03/14/2020 - 03/14/2020 09:00 AM - 04:00 PM', '03/16/2020 - 03/20/2020 08:30 AM - 07:00 PM']"
44,ROSE CREEK PUBLIC LIBRARY,ChIJDWA0xYVp9YgRRWbzJQvZ4-c,"['03/14/2020 - 03/14/2020 09:00 AM - 04:00 PM', '03/16/2020 - 03/20/2020 08:30 AM - 07:00 PM']"
45,SOUTH CHEROKEE ANNEX REC CENTER,ChIJP2zIWANs9YgRVnNJYdFuzK4,"['03/02/2020 - 03/06/2020 08:30 AM - 05:00 PM', '03/09/2020 - 03/13/2020 08:30 AM - 05:00 PM', '03/14/2020 - 03/14/2020 09:00 AM - 04:00 PM', '03/16/2020 - 03/20/2020 08:30 AM - 07:00 PM']"
46,ACC CITY HALL,ChIJd8oP39hs9ogRFffxIGjMDYo,"['03/16/2020 - 03/17/2020 08:00 AM - 05:00 PM', '03/18/2020 - 03/18/2020 08:00 AM - 07:00 PM', '03/19/2020 - 03/20/2020 08:00 AM - 05:00 PM']"
47,ACC COORPERATIVE EXTENSION OFFICE,ChIJMeKSbAVz9ogRD13IbPvsFMg,"['03/16/2020 - 03/19/2020 10:00 AM - 07:00 PM', '03/20/2020 - 03/20/2020 10:00 AM - 05:00 PM']"
48,ATHENS REGIONAL  LIBRARY,ChIJkcDKvG1t9ogRc204BIY4084,"['03/16/2020 - 03/19/2020 10:00 AM - 07:00 PM', '03/20/2020 - 03/20/2020 10:00 AM - 05:00 PM']"
49,BOARD OF ELECTIONS OFFICE,ChIJXRey29hs9ogR1YNG04r6j7Q,"['03/02/2020 - 03/17/2020 08:00 AM - 05:00 PM', '03/02/2020 - 03/20/2020 08:00 AM - 05:00 PM', '03/14/2020 - 03/14/2020 09:00 AM - 04:00 PM', '03/15/2020 - 03/15/2020 01:00 PM - 05:00 PM', '03/18/2020 - 03/18/2020 08:00 AM - 07:00 PM', '03/19/2020 - 03/20/2020 08:00 AM - 05:00 PM']"
50,MIRIAM MOORE COMMUNITY CENTER,ChIJvy2l47hs9ogR1GBFTVHWm5c,"['03/16/2020 - 03/19/2020 10:00 AM - 07:00 PM', '03/20/2020 - 03/20/2020 10:00 AM - 05:00 PM']"
51,CLAY COUNTY COURTHOUSE,ChIJZz5jZ8FWjYgRcTybNtDptTw,"['03/02/2020 - 03/20/2020 08:30 AM - 04:00 PM', '03/14/2020 - 03/14/2020 09:00 AM - 04:00 PM']"
52,CARL RHODENIZER RECREATION CENTER,ChIJwXikFlr_9IgRCXg2XHdBo8g,"['03/02/2020 - 03/06/2020 08:00 AM - 05:00 PM', '03/09/2020 - 03/13/2020 08:00 AM - 05:00 PM', '03/14/2020 - 03/14/2020 09:00 AM - 04:00 PM', '03/15/2020 - 03/15/2020 12:00 PM - 05:00 PM', '03/16/2020 - 03/20/2020 08:00 AM - 07:00 PM']"
53,ELECTIONS AND REGISTRATION,ChIJgU5HJYj59IgRlEXE_mUIChU,"['03/02/2020 - 03/06/2020 08:00 AM - 05:00 PM', '03/09/2020 - 03/13/2020 08:00 AM - 05:00 PM', '03/14/2020 - 03/14/2020 09:00 AM - 04:00 PM', '03/15/2020 - 03/15/2020 12:00 PM - 05:00 PM', '03/16/2020 - 03/20/2020 08:00 AM - 07:00 PM']"
54,LEE HEADQUARTERS LIBRARY,ChIJg3OY59z79IgRAN95xXSOVBg,"['03/02/2020 - 03/06/2020 08:00 AM - 05:00 PM', '03/09/2020 - 03/13/2020 08:00 AM - 05:00 PM', '03/14/2020 - 03/14/2020 09:00 AM - 04:00 PM', '03/15/2020 - 03/15/2020 12:00 PM - 05:00 PM', '03/16/2020 - 03/20/2020 08:00 AM - 07:00 PM']"
55,MORROW MUNICIPAL COMPLEX,ChIJYwQcgbH-9IgRxs-GF2DirYY,"['03/02/2020 - 03/06/2020 08:00 AM - 05:00 PM', '03/09/2020 - 03/13/2020 08:00 AM - 05:00 PM', '03/14/2020 - 03/14/2020 09:00 AM - 04:00 PM', '03/15/2020 - 03/15/2020 12:00 PM - 05:00 PM', '03/16/2020 - 03/20/2020 08:00 AM - 07:00 PM']"
56,SOUTH CLAYTON RECREATION CENTER,ChIJkzaNFR_39IgRZ6L0K55tm7U,"['03/02/2020 - 03/06/2020 08:00 AM - 05:00 PM', '03/09/2020 - 03/13/2020 08:00 AM - 05:00 PM', '03/14/2020 - 03/14/2020 09:00 AM - 04:00 PM', '03/15/2020 - 03/15/2020 12:00 PM - 05:00 PM', '03/16/2020 - 03/20/2020 08:00 AM - 07:00 PM']"
57,VIRGINIA BURTON GRAY RECREATION CTR,ChIJx7IUI6389IgRbOJenQ-ccdo,"['03/02/2020 - 03/06/2020 08:00 AM - 05:00 PM', '03/09/2020 - 03/13/2020 08:00 AM - 05:00 PM', '03/14/2020 - 03/14/2020 09:00 AM - 04:00 PM', '03/15/2020 - 03/15/2020 12:00 PM - 05:00 PM', '03/16/2020 - 03/20/2020 08:00 AM - 07:00 PM']"
58,2 CENTRAL- SENIOR WELLNESS CENTER,ChIJ8Sd1JmYW9YgRH9_EdgctU-U,"['03/02/2020 - 03/06/2020 07:00 AM - 07:00 PM', '03/07/2020 - 03/07/2020 08:00 AM - 05:00 PM', '03/09/2020 - 03/13/2020 07:00 AM - 07:00 PM', '03/14/2020 - 03/14/2020 08:00 AM - 05:00 PM', '03/16/2020 - 03/20/2020 07:00 AM - 07:00 PM']"
59,3 NORTH- NORTH COBB SENIOR CENTER,ChIJjXFLuJBA9YgRXaT0k2mVsC0,"['03/14/2020 - 03/14/2020 08:00 AM - 05:00 PM', '03/16/2020 - 03/20/2020 07:00 AM - 07:00 PM']"
60,4 SOUTH- RIVERSIDE EPICENTER,ChIJvcdSmS4Z9YgRP7jKDyKkG9o,"['03/14/2020 - 03/14/2020 08:00 AM - 05:00 PM', '03/16/2020 - 03/20/2020 07:00 AM - 07:00 PM']"
61,5 EAST- EAST COBB GOVT SVC CENTER,ChIJrx8sgpMN9YgRZ2FRoNH8A3M,"['03/14/2020 - 03/14/2020 08:00 AM - 05:00 PM', '03/16/2020 - 03/20/2020 07:00 AM - 07:00 PM']"
62,6 WEST- WARD RECREATION CENTER,ChIJQ3BrE_k79YgRx_j_jk3bmIA,"['03/14/2020 - 03/14/2020 08:00 AM - 05:00 PM', '03/16/2020 - 03/20/2020 07:00 AM - 07:00 PM']"
63,7  NOONDAY BAPTIST CHURCH,ChIJKdzjyV9r9YgRSllL7EMiSO4,['03/16/2020 - 03/20/2020 07:00 AM - 07:00 PM']
64,8 TIM D LEE SENIOR CENTER,ChIJ8WolvTNt9YgR7yvYeAosPGc,['03/16/2020 - 03/20/2020 07:00 AM - 07:00 PM']
65,9 RON ANDERSON REC. CENTER,ChIJI2ootcY89YgRk0hjaj2X2fA,['03/16/2020 - 03/20/2020 07:00 AM - 07:00 PM']
66,A10 WINDY HILL COMMUNITY CENTER,ChIJzV7ffOAQ9YgRm6sBuTvcDQY,['03/16/2020 - 03/20/2020 07:00 AM - 07:00 PM']
67,ELECTIONS & REGISTRATION OFFICE,ChIJLbDvEJAr8IgRa3F73HqCuBY,"['03/02/2020 - 03/20/2020 08:30 AM - 05:00 PM', '03/02/2020 - 03/20/2020 08:00 AM - 05:00 PM', '03/14/2020 - 03/14/2020 09:00 AM - 04:00 PM', '03/14/2020 - 03/14/2020 09:00 AM - 04:00 PM']"
68,"COLUMBIA COUNTY BOARD OF ELECTIONS, BUILDING G3",ChIJY9y2U6zU-YgRhU1ywYaqQXA,"['03/02/2020 - 03/20/2020 08:00 AM - 05:00 PM', '03/14/2020 - 03/14/2020 09:00 AM - 04:00 PM']"
69,PATRIOTS PARK,ChIJuyJUksV_94gRtITPct_lMlY,"['03/02/2020 - 03/20/2020 08:00 AM - 05:00 PM', '03/14/2020 - 03/14/2020 09:00 AM - 04:00 PM']"
70,COOK COUNTY ADMINISTRATION BUILDING,ChIJ-VYr0J4S7ogRwObA0SGd514,"['03/02/2020 - 03/06/2020 08:30 AM - 04:30 PM', '03/09/2020 - 03/13/2020 08:30 AM - 04:30 PM', '03/14/2020 - 03/14/2020 09:00 AM - 04:00 PM', '03/16/2020 - 03/20/2020 08:30 AM - 04:30 PM']"
71,COOK COUNTY ADMINISTRATION BUILDING,ChIJ-VYr0J4S7ogRwObA0SGd514,"['03/02/2020 - 03/06/2020 08:30 AM - 04:30 PM', '03/09/2020 - 03/13/2020 08:30 AM - 04:30 PM', '03/14/2020 - 03/14/2020 09:00 AM - 04:00 PM', '03/16/2020 - 03/20/2020 08:30 AM - 04:30 PM']"
72,EAST SIDE ADV. VOTING SITE AT CENTRAL COMPLEX,Eik2NSBMaXRlcmFyeSBMbiwgU2hhcnBzYnVyZywgR0EgMzAyNzcsIFVTQSIaEhgKFAoSCQEjtYA-wfSIEe4QUpVR9WdWEEE,"['03/02/2020 - 03/20/2020 08:30 AM - 04:30 PM', '03/14/2020 - 03/14/2020 09:00 AM - 04:00 PM']"
73,ADMIN.BLDG CMM/ROOM,ChIJJdDClK1OYIgR0LTWqrRC2Tc,"['03/02/2020 - 03/05/2020 08:00 AM - 05:00 PM', '03/06/2020 - 03/06/2020 08:00 AM - 02:00 PM', '03/09/2020 - 03/12/2020 08:00 AM - 05:00 PM', '03/13/2020 - 03/13/2020 08:00 AM - 02:00 PM', '03/14/2020 - 03/14/2020 09:00 AM - 04:00 PM', '03/16/2020 - 03/19/2020 08:00 AM - 05:00 PM', '03/20/2020 - 03/20/2020 08:00 AM - 02:00 PM']"
74,DAWSON CO ELECT & REG OFFICE,ChIJAUMPeOd8X4gR4gFTlG3zR9s,"['03/02/2020 - 03/06/2020 08:00 AM - 05:00 PM', '03/09/2020 - 03/13/2020 08:00 AM - 05:00 PM', '03/14/2020 - 03/14/2020 09:00 AM - 04:00 PM', '03/16/2020 - 03/20/2020 08:00 AM - 05:00 PM']"
75,AV- FIRST BAPTIST CHURCH DECATUR,ChIJeVSQWxYH9YgRQ3vx7KQRdg0,['03/16/2020 - 03/20/2020 07:00 AM - 07:00 PM']
76,AV-BESSIE BRANHAM RECREATION CENTER,ChIJt8IoLi0B9YgRkpIOda8ILLA,['03/16/2020 - 03/20/2020 07:00 AM - 07:00 PM']
77,AV-BRIARWOOD RECREATION CENTER,ChIJlSbZsJ4I9YgR16ec4xz2mek,['03/16/2020 - 03/20/2020 07:00 AM - 07:00 PM']
78,AV-DUNWOODY LIBRARY,ChIJNeiDSt0L9YgRWHwWL540OR8,"['03/02/2020 - 03/06/2020 07:00 AM - 07:00 PM', '03/07/2020 - 03/07/2020 09:00 AM - 04:00 PM', '03/09/2020 - 03/13/2020 07:00 AM - 07:00 PM', '03/14/2020 - 03/14/2020 09:00 AM - 04:00 PM', '03/15/2020 - 03/15/2020 12:00 PM - 04:00 PM', '03/16/2020 - 03/20/2020 07:00 AM - 08:00 PM']"
79,AV-EAST DEKALB/BEREAN,ChIJCw2tig6s9YgRanmPZbd6KUk,['03/16/2020 - 03/20/2020 07:00 AM - 07:00 PM']
80,AV-HOUSE OF HOPE ATLANTA,ChIJu4_yO-eq9YgRgw429dpszP8,['03/16/2020 - 03/20/2020 07:00 AM - 07:00 PM']
81,AV-MEMORIAL 1,ChIJn2WMG7-p9YgRJYeGlTaeXx0,"['03/02/2020 - 03/06/2020 07:00 AM - 07:00 PM', '03/07/2020 - 03/07/2020 09:00 AM - 04:00 PM', '03/09/2020 - 03/13/2020 07:00 AM - 07:00 PM', '03/14/2020 - 03/14/2020 09:00 AM - 04:00 PM', '03/15/2020 - 03/15/2020 12:00 PM - 04:00 PM', '03/16/2020 - 03/20/2020 07:00 AM - 08:00 PM']"
82,AV-MEMORIAL 2,ChIJn2WMG7-p9YgRJYeGlTaeXx0,"['03/02/2020 - 03/06/2020 07:00 AM - 07:00 PM', '03/07/2020 - 03/07/2020 09:00 AM - 04:00 PM', '03/09/2020 - 03/13/2020 07:00 AM - 07:00 PM', '03/14/2020 - 03/14/2020 09:00 AM - 04:00 PM', '03/15/2020 - 03/15/2020 12:00 PM - 04:00 PM', '03/16/2020 - 03/20/2020 07:00 AM - 08:00 PM']"
83,AV-NORTH DEKALB SENIOR CENTER,ChIJ-RirYasJ9YgRzPOxZq-pZq8,['03/16/2020 - 03/20/2020 07:00 AM - 07:00 PM']
84,AV-REID H. COFER LIBRARY,ChIJYz3nJDGm9YgRPtMey7OqyRs,"['03/09/2020 - 03/13/2020 07:00 AM - 07:00 PM', '03/14/2020 - 03/14/2020 09:00 AM - 04:00 PM', '03/16/2020 - 03/20/2020 07:00 AM - 07:00 PM']"
85,AV-SOUTH DEKALB,ChIJj71haIAA9YgRy36SwFtJwmU,"['03/02/2020 - 03/06/2020 09:00 AM - 08:00 PM', '03/07/2020 - 03/07/2020 09:00 AM - 04:00 PM', '03/09/2020 - 03/13/2020 09:00 AM - 08:00 PM', '03/14/2020 - 03/14/2020 09:00 AM - 04:00 PM', '03/15/2020 - 03/15/2020 12:00 PM - 04:00 PM', '03/16/2020 - 03/20/2020 09:00 AM - 08:00 PM']"
86,AV-STONECREST LIBRARY,ChIJO7hubnqt9YgRyFOjv5ZUC_A,"['03/09/2020 - 03/13/2020 07:00 AM - 07:00 PM', '03/14/2020 - 03/14/2020 09:00 AM - 04:00 PM', '03/16/2020 - 03/20/2020 07:00 AM - 07:00 PM']"
87,DODGE COUNTY REGISTRARS OFFICE,ChIJRXCrrSQK8YgRcLrfWao27yo,['03/02/2020 - 03/20/2020 09:00 AM - 05:00 PM']
88,VIENNA VOTING PRECINCT,ChIJbQXKdewx8ogRjzi5BH44dv8,['03/02/2020 - 03/20/2020 09:00 AM - 05:00 PM']
89,CANDY ROOM,ChIJWyXolXt58ogRPej80W3cSt8,['03/14/2020 - 03/14/2020 09:00 AM - 04:00 PM']
90,ELECTIONS OFFICE,ChIJhT-4Hnt58ogRMbDll7InAmg,"['03/02/2020 - 03/06/2020 08:30 AM - 05:00 PM', '03/02/2020 - 03/06/2020 08:30 AM - 05:00 PM', '03/02/2020 - 03/06/2020 08:00 AM - 05:00 PM', '03/02/2020 - 03/06/2020 08:15 AM - 05:00 PM', '03/02/2020 - 03/06/2020 08:00 AM - 05:00 PM', '03/02/2020 - 03/06/2020 08:00 AM - 05:00 PM', '03/02/2020 - 03/20/2020 08:30 AM - 05:00 PM', '03/02/2020 - 03/20/2020 08:00 AM - 06:00 PM', '03/09/2020 - 03/13/2020 08:30 AM - 05:00 PM', '03/09/2020 - 03/13/2020 08:30 AM - 05:00 PM', '03/09/2020 - 03/13/2020 08:00 AM - 05:00 PM', '03/09/2020 - 03/13/2020 08:15 AM - 05:00 PM', '03/09/2020 - 03/13/2020 08:00 AM - 05:00 PM', '03/09/2020 - 03/13/2020 08:00 AM - 05:00 PM', '03/14/2020 - 03/14/2020 09:00 AM - 04:00 PM', '03/14/2020 - 03/14/2020 09:00 AM - 04:00 PM', '03/14/2020 - 03/14/2020 09:00 AM - 04:00 PM', '03/14/2020 - 03/14/2020 09:00 AM - 04:00 PM', '03/14/2020 - 03/14/2020 09:00 AM - 04:00 PM', '03/14/2020 - 03/14/2020 09:00 AM - 04:00 PM', '03/14/2020 - 03/14/2020 09:00 AM - 04:00 PM', '03/15/2020 - 03/15/2020 01:00 PM - 05:00 PM', '03/16/2020 - 03/20/2020 08:30 AM - 05:00 PM', '03/16/2020 - 03/20/2020 08:30 AM - 05:00 PM', '03/16/2020 - 03/20/2020 08:00 AM - 05:00 PM', '03/16/2020 - 03/20/2020 08:15 AM - 05:00 PM', '03/16/2020 - 03/20/2020 07:00 AM - 07:00 PM', '03/16/2020 - 03/20/2020 08:00 AM - 05:00 PM']"
91,0730-OLD COURTHOUSE,ChIJgyZh90Am9YgRD6FHvc-bkME,['03/16/2020 - 03/20/2020 08:00 AM - 06:00 PM']
92,0785-BOUNDARY WATERS AQUATIC CENTER,ChIJ-08HVGXf9IgRq6yA3f0MlhA,['03/16/2020 - 03/20/2020 08:00 AM - 06:00 PM']
93,1260- DOG RIVER LIBRARY,ChIJBUMl0vDW9IgRx6PUjf0LU1E,['03/16/2020 - 03/20/2020 08:00 AM - 06:00 PM']
94,1276-DEER LICK PARK REC. CTR.,ChIJAeFMADYh9YgRKfym339KeH0,['03/16/2020 - 03/20/2020 08:00 AM - 06:00 PM']
95,DOUGLAS COUNTY COURTHOUSE,ChIJr-pkMfYm9YgR3kFQ6zBSjog,"['03/02/2020 - 03/20/2020 08:00 AM - 06:00 PM', '03/14/2020 - 03/14/2020 09:00 AM - 04:00 PM']"
96,WOODIE FITE,ChIJm49au_Ym9YgREFNupK9AQQY,['03/09/2020 - 03/13/2020 08:00 AM - 06:00 PM']
97,REGISTRAR'S OFFICE,ChIJx4TIRs5S7YgRU1k6lFgPfOY,"['03/02/2020 - 03/20/2020 08:30 AM - 04:30 PM', '03/02/2020 - 03/20/2020 08:00 AM - 05:00 PM', '03/02/2020 - 03/20/2020 09:00 AM - 05:00 PM', '03/14/2020 - 03/14/2020 09:00 AM - 04:00 PM', '03/14/2020 - 03/14/2020 09:00 AM - 04:00 PM', '03/14/2020 - 03/14/2020 09:00 AM - 04:30 PM']"
98,EFFINGHAM CO. BOARD OF ELECTIONS AND REGISTRATION,ChIJbSII57W5-4gRCNbwX_ABzXo,"['03/02/2020 - 03/06/2020 08:30 AM - 05:00 PM', '03/09/2020 - 03/13/2020 08:30 AM - 05:00 PM', '03/14/2020 - 03/14/2020 09:00 AM - 04:00 PM', '03/16/2020 - 03/20/2020 08:30 AM - 05:00 PM']"
99,OLD MARLOW ELEMENTARY,ChIJc5OQK72v-4gRkW1DgIXvIXU,"['03/09/2020 - 03/13/2020 08:30 AM - 05:00 PM', '03/14/2020 - 03/14/2020 09:00 AM - 04:00 PM', '03/16/2020 - 03/20/2020 08:30 AM - 05:00 PM']"
100,ELBERT CO. GOVERNMENT COMPLEX,ChIJ7b3z2XbN94gRjwAGIpFC_hE,['03/02/2020 - 03/20/2020 09:00 AM - 05:00 PM']
101,OFFICE,ChIJO_g0qEKk8IgRQ4VTT-BFFEY,['03/02/2020 - 03/20/2020 08:00 AM - 05:00 PM']
102,COURTHOUSE ANNEX,ChIJMTrpruFg-ogR6PltrEjPasM,"['03/02/2020 - 03/06/2020 08:00 AM - 05:00 PM', '03/02/2020 - 03/20/2020 08:00 AM - 06:00 PM', '03/02/2020 - 03/20/2020 09:00 AM - 05:00 PM', '03/02/2020 - 03/20/2020 08:00 AM - 05:00 PM', '03/02/2020 - 03/20/2020 08:00 AM - 04:30 PM', '03/09/2020 - 03/13/2020 08:00 AM - 05:00 PM', '03/14/2020 - 03/14/2020 09:00 AM - 04:00 PM', '03/14/2020 - 03/14/2020 09:00 AM - 04:00 PM', '03/14/2020 - 03/14/2020 09:00 AM - 04:00 PM', '03/14/2020 - 03/14/2020 09:00 AM - 04:00 PM', '03/14/2020 - 03/14/2020 09:00 AM - 04:00 PM', '03/16/2020 - 03/20/2020 08:00 AM - 05:00 PM']"
103,ELECTION OFFICE,Ei00MDAgVyBNYWluIFN0ICMzMDEsIEJsdWUgUmlkZ2UsIEdBIDMwNTEzLCBVU0EiHxodChYKFAoSCVXDasJYpl-IEdBZaoKGev1HEgMzMDE,"['03/02/2020 - 03/06/2020 09:00 AM - 05:00 PM', '03/02/2020 - 03/20/2020 09:00 AM - 05:00 PM', '03/02/2020 - 03/20/2020 08:00 AM - 05:00 PM', '03/09/2020 - 03/13/2020 09:00 AM - 05:00 PM', '03/14/2020 - 03/14/2020 09:00 AM - 04:00 PM', '03/14/2020 - 03/14/2020 09:00 AM - 04:00 PM', '03/16/2020 - 03/20/2020 09:00 AM - 05:00 PM']"
104,FAYETTE COUNTY ELECTIONS OFFICE,ChIJ3Xy84jTu9IgRf0h4TAmP0QA,"['03/02/2020 - 03/06/2020 08:00 AM - 05:00 PM', '03/09/2020 - 03/13/2020 08:00 AM - 05:00 PM', '03/14/2020 - 03/14/2020 09:00 AM - 04:00 PM', '03/16/2020 - 03/20/2020 07:00 AM - 05:00 PM']"
105,PEACHTREE CITY LIBRARY,ChIJF7qxaCPq9IgRCl-Co4c94f4,"['03/02/2020 - 03/06/2020 08:00 AM - 05:00 PM', '03/09/2020 - 03/13/2020 08:00 AM - 05:00 PM', '03/14/2020 - 03/14/2020 09:00 AM - 04:00 PM', '03/16/2020 - 03/20/2020 07:00 AM - 05:00 PM']"
106,TYRONE TOWN HALL,ChIJpZWK2SLo9IgRigegeyLxc_c,"['03/02/2020 - 03/06/2020 08:00 AM - 05:00 PM', '03/09/2020 - 03/13/2020 08:00 AM - 05:00 PM', '03/14/2020 - 03/14/2020 09:00 AM - 04:00 PM', '03/16/2020 - 03/20/2020 07:00 AM - 05:00 PM']"
107,GARDEN LKS BAPTIST/FELLOW HALL,ChIJoWRKaqqjiogRMHgxG_dIqAY,['03/09/2020 - 03/13/2020 09:00 AM - 05:00 PM']
108,MAIN OFFICE,ChIJ30fk2L6kiogR0IbyJt2bE9E,"['03/02/2020 - 03/06/2020 08:00 AM - 05:00 PM', '03/02/2020 - 03/06/2020 08:00 AM - 05:00 PM', '03/02/2020 - 03/20/2020 08:00 AM - 05:00 PM', '03/09/2020 - 03/13/2020 08:00 AM - 05:00 PM', '03/09/2020 - 03/13/2020 08:00 AM - 05:00 PM', '03/14/2020 - 03/14/2020 09:00 AM - 04:00 PM', '03/14/2020 - 03/14/2020 09:00 AM - 04:00 PM', '03/15/2020 - 03/15/2020 12:00 PM - 05:00 PM', '03/16/2020 - 03/20/2020 08:00 AM - 05:00 PM', '03/16/2020 - 03/20/2020 08:00 AM - 06:00 PM']"
109,ROME CIVIC CENTER,ChIJS30hGuukiogRPsUHgmYUNVY,"['03/14/2020 - 03/14/2020 09:00 AM - 04:00 PM', '03/15/2020 - 03/15/2020 09:00 AM - 04:00 PM', '03/16/2020 - 03/20/2020 08:00 AM - 05:00 PM']"
110,ELECTIONS AND VOTER REGISTRATION OFFICE,ChIJAQnr5QKF9YgRAMtH8d3OL1k,"['03/02/2020 - 03/02/2020 08:00 AM - 06:00 PM', '03/02/2020 - 03/06/2020 08:00 AM - 05:00 PM', '03/03/2020 - 03/03/2020 08:00 AM - 06:00 PM', '03/04/2020 - 03/04/2020 08:00 AM - 06:00 PM', '03/05/2020 - 03/05/2020 08:00 AM - 06:00 PM', '03/06/2020 - 03/06/2020 08:00 AM - 06:00 PM', '03/09/2020 - 03/09/2020 08:00 AM - 06:00 PM', '03/09/2020 - 03/13/2020 08:00 AM - 05:00 PM', '03/10/2020 - 03/10/2020 08:00 AM - 06:00 PM', '03/11/2020 - 03/11/2020 08:00 AM - 06:00 PM', '03/12/2020 - 03/12/2020 08:00 AM - 06:00 PM', '03/13/2020 - 03/13/2020 08:00 AM - 06:00 PM', '03/14/2020 - 03/14/2020 09:00 AM - 05:00 PM', '03/14/2020 - 03/14/2020 09:00 AM - 07:00 PM', '03/16/2020 - 03/16/2020 08:00 AM - 06:00 PM', '03/16/2020 - 03/20/2020 08:00 AM - 07:00 PM', '03/17/2020 - 03/17/2020 08:00 AM - 06:00 PM', '03/18/2020 - 03/18/2020 08:00 AM - 06:00 PM', '03/19/2020 - 03/19/2020 08:00 AM - 06:00 PM', '03/20/2020 - 03/20/2020 08:00 AM - 05:00 PM']"
111,HAMPTON PARK LIBRARY,ChIJJS6myOWI9YgRMVPVaKXqgng,"['03/14/2020 - 03/14/2020 09:00 AM - 05:00 PM', '03/16/2020 - 03/16/2020 08:00 AM - 06:00 PM', '03/17/2020 - 03/17/2020 08:00 AM - 06:00 PM', '03/18/2020 - 03/18/2020 08:00 AM - 06:00 PM', '03/19/2020 - 03/19/2020 08:00 AM - 06:00 PM', '03/20/2020 - 03/20/2020 08:00 AM - 05:00 PM']"
112,MIDWAY PARK COMMUNITY BUILDING,ChIJY2n-Ui6D9YgRHiTkNoNRnAU,"['03/14/2020 - 03/14/2020 09:00 AM - 05:00 PM', '03/16/2020 - 03/16/2020 08:00 AM - 06:00 PM', '03/17/2020 - 03/17/2020 08:00 AM - 06:00 PM', '03/18/2020 - 03/18/2020 08:00 AM - 06:00 PM', '03/19/2020 - 03/19/2020 08:00 AM - 06:00 PM', '03/20/2020 - 03/20/2020 08:00 AM - 05:00 PM']"
113,PARKS & REC NATURAL RESOURCES OPERATIONS CENTER,ChIJ5VOIE32E9YgRiQ5-Am8ZS7s,"['03/14/2020 - 03/14/2020 09:00 AM - 05:00 PM', '03/16/2020 - 03/16/2020 08:00 AM - 06:00 PM', '03/17/2020 - 03/17/2020 08:00 AM - 06:00 PM', '03/18/2020 - 03/18/2020 08:00 AM - 06:00 PM', '03/19/2020 - 03/19/2020 08:00 AM - 06:00 PM', '03/20/2020 - 03/20/2020 08:00 AM - 05:00 PM']"
114,SHARON SPRINGS PARK COMMUNITY BUILDING,ChIJQXkG6cKb9YgRENEpChnCKb0,"['03/14/2020 - 03/14/2020 09:00 AM - 05:00 PM', '03/16/2020 - 03/16/2020 08:00 AM - 06:00 PM', '03/17/2020 - 03/17/2020 08:00 AM - 06:00 PM', '03/18/2020 - 03/18/2020 08:00 AM - 06:00 PM', '03/19/2020 - 03/19/2020 08:00 AM - 06:00 PM', '03/20/2020 - 03/20/2020 08:00 AM - 05:00 PM']"
115,FRANKLIN COUNTY BOARD OF ELECTIONS & REGISTRATION BUILDING,ChIJqwGObXWfWIgRE-sZbnu1Mv8,"['03/02/2020 - 03/06/2020 08:00 AM - 04:30 PM', '03/09/2020 - 03/13/2020 08:00 AM - 04:30 PM', '03/16/2020 - 03/20/2020 08:00 AM - 04:30 PM']"
116,AA - ALPHARETTA BRANCH LIBRARY,ChIJLd6oi6J19YgRts_jqXZrqVs,"['03/02/2020 - 03/06/2020 08:30 AM - 06:00 PM', '03/09/2020 - 03/13/2020 08:30 AM - 06:00 PM', '03/14/2020 - 03/14/2020 08:30 AM - 06:00 PM', '03/15/2020 - 03/15/2020 12:00 PM - 05:00 PM', '03/16/2020 - 03/20/2020 08:30 AM - 06:00 PM']"
117,AA - ATLANTA METROPOLITAN STATE COLLEGE,ChIJ68qgIP0C9YgRFG0kqgpxvlo,['03/03/2020 - 03/05/2020 08:30 AM - 04:00 PM']
118,AA - C.T MARTIN NATATORIUM AND RECREATION CENTER,ChIJTRqgYHAc9YgR5ywErhF4bs4,"['03/02/2020 - 03/06/2020 08:30 AM - 06:00 PM', '03/09/2020 - 03/13/2020 08:30 AM - 06:00 PM', '03/14/2020 - 03/14/2020 08:30 AM - 06:00 PM', '03/15/2020 - 03/15/2020 12:00 PM - 05:00 PM', '03/16/2020 - 03/20/2020 08:30 AM - 06:00 PM']"
119,AA - CHASTAIN PARK GYMNASIUM,EioxNDAgVyBXaWV1Y2EgUmQgTkUsIEF0bGFudGEsIEdBIDMwMzQyLCBVU0EiGxIZChQKEgmhoVXiEA_1iBGZrQji_9yv3BCMAQ,"['03/02/2020 - 03/06/2020 08:30 AM - 06:00 PM', '03/09/2020 - 03/13/2020 08:30 AM - 06:00 PM', '03/14/2020 - 03/14/2020 08:30 AM - 06:00 PM', '03/15/2020 - 03/15/2020 12:00 PM - 05:00 PM', '03/16/2020 - 03/20/2020 08:30 AM - 06:00 PM']"
120,AA - COLLEGE PARK LIBRARY,ChIJuY6nHrri9IgRKnQz0YFvO9c,"['03/02/2020 - 03/06/2020 08:30 AM - 06:00 PM', '03/09/2020 - 03/13/2020 08:30 AM - 06:00 PM', '03/14/2020 - 03/14/2020 08:30 AM - 06:00 PM', '03/15/2020 - 03/15/2020 12:00 PM - 05:00 PM', '03/16/2020 - 03/20/2020 08:30 AM - 06:00 PM']"
121,AA - DOROTHY BENSON SENIOR MULTIPURPOSE,ChIJh_rEK5kO9YgRR0B_V_3mHGA,['03/19/2020 - 03/20/2020 08:30 AM - 04:00 PM']
122,AA - EAST ROSWELL LIBRARY,ChIJ3fmlF8EK9YgRn_sO5RRDQmM,"['03/02/2020 - 03/06/2020 08:30 AM - 06:00 PM', '03/09/2020 - 03/13/2020 08:30 AM - 06:00 PM', '03/14/2020 - 03/14/2020 08:30 AM - 06:00 PM', '03/15/2020 - 03/15/2020 12:00 PM - 05:00 PM', '03/16/2020 - 03/20/2020 08:30 AM - 06:00 PM']"
123,AA - EASTPOINT LIBRARY,ChIJJ44z_FId9YgR7y29LFsYncI,"['03/02/2020 - 03/06/2020 08:30 AM - 06:00 PM', '03/09/2020 - 03/13/2020 08:30 AM - 06:00 PM', '03/14/2020 - 03/14/2020 08:30 AM - 06:00 PM', '03/15/2020 - 03/15/2020 12:00 PM - 05:00 PM', '03/16/2020 - 03/20/2020 08:30 AM - 06:00 PM']"
124,AA - EVELYN G. LOWERY LIBRARY @ CASCADE,ChIJd2oiWDEc9YgRt8qH93IuHGE,"['03/02/2020 - 03/06/2020 08:30 AM - 06:00 PM', '03/09/2020 - 03/13/2020 08:30 AM - 06:00 PM', '03/14/2020 - 03/14/2020 08:30 AM - 06:00 PM', '03/15/2020 - 03/15/2020 12:00 PM - 05:00 PM', '03/16/2020 - 03/20/2020 08:30 AM - 06:00 PM']"
125,AA - FAIRBURN LIBRARY,ChIJLUgh_z_n9IgRjnQMnYfilz0,"['03/02/2020 - 03/06/2020 08:30 AM - 06:00 PM', '03/09/2020 - 03/13/2020 08:30 AM - 06:00 PM', '03/14/2020 - 03/14/2020 08:30 AM - 06:00 PM', '03/15/2020 - 03/15/2020 12:00 PM - 05:00 PM', '03/16/2020 - 03/20/2020 08:30 AM - 06:00 PM']"
126,AA - GEORGIA INSTITUTE TECHNOLOGY    FERST CENTER,ChIJu3cjeokE9YgRs-wBomwJ-IA,['03/09/2020 - 03/10/2020 08:30 AM - 04:00 PM']
127,AA - GEORGIA STATE UNIVERSITY,ChIJse4Ji4gD9YgRQqmcO99XbWE,['03/09/2020 - 03/10/2020 08:30 AM - 04:00 PM']
128,AA - GLADYS S. DENNARD LIBRARY AT SOUTH FULTON,ChIJtaZ6p__j9IgR6AnLaul75_E,"['03/02/2020 - 03/06/2020 08:30 AM - 06:00 PM', '03/09/2020 - 03/13/2020 08:30 AM - 06:00 PM', '03/14/2020 - 03/14/2020 08:30 AM - 06:00 PM', '03/15/2020 - 03/15/2020 12:00 PM - 05:00 PM', '03/16/2020 - 03/20/2020 08:30 AM - 06:00 PM']"
129,AA - GOVERNMENT CENTER,EigxMzAgUGVhY2h0cmVlIFN0LCBBdGxhbnRhLCBHQSAzMDMwMywgVVNBIhsSGQoUChIJCQtYuYMD9YgR8augdGSqf3IQggE,"['03/02/2020 - 03/06/2020 08:30 AM - 06:00 PM', '03/09/2020 - 03/13/2020 08:30 AM - 06:00 PM', '03/14/2020 - 03/14/2020 08:30 AM - 06:00 PM', '03/15/2020 - 03/15/2020 12:00 PM - 05:00 PM', '03/16/2020 - 03/20/2020 08:30 AM - 06:00 PM']"
130,AA - HARRIET DARNELL SENIOR MULTIPURPOSE FACILITY,ChIJ52Hodo0b9YgR9cZM2ptCCHs,['03/10/2020 - 03/11/2020 08:30 AM - 04:00 PM']
131,AA - HELENE S. MILLS SENIOR MULTI-PURPOSE FACILITY,ChIJgeu2FgoE9YgRx-xJAxxmNyg,['03/17/2020 - 03/18/2020 08:30 AM - 04:00 PM']
132,AA - JOHNS CREEK ENVIRONMENTAL CAMPUS,ChIJQYgQQX6g9YgRl9nDCVXCC7U,"['03/02/2020 - 03/06/2020 08:30 AM - 06:00 PM', '03/09/2020 - 03/13/2020 08:30 AM - 06:00 PM', '03/14/2020 - 03/14/2020 08:30 AM - 06:00 PM', '03/15/2020 - 03/15/2020 12:00 PM - 05:00 PM', '03/16/2020 - 03/20/2020 08:30 AM - 06:00 PM']"
133,AA - LOUISE WATLEY LIBRARY AT SOUTHEAST ATLANTA ,ChIJ7bxs2qoD9YgRcuOQn3-FCOI,"['03/02/2020 - 03/06/2020 08:30 AM - 06:00 PM', '03/09/2020 - 03/13/2020 08:30 AM - 06:00 PM', '03/14/2020 - 03/14/2020 08:30 AM - 06:00 PM', '03/15/2020 - 03/15/2020 12:00 PM - 05:00 PM', '03/16/2020 - 03/20/2020 08:30 AM - 06:00 PM']"
134,AA - MILTON LIBRARY,ChIJpe4N0RR09YgRe_5h4uRkyRc,"['03/02/2020 - 03/06/2020 08:30 AM - 06:00 PM', '03/09/2020 - 03/13/2020 08:30 AM - 06:00 PM', '03/14/2020 - 03/14/2020 08:30 AM - 06:00 PM', '03/15/2020 - 03/15/2020 12:00 PM - 05:00 PM', '03/16/2020 - 03/20/2020 08:30 AM - 06:00 PM']"
135,AA - MOREHOUSE COLLEGE,ChIJ7ex3HmkD9YgR8CQOJsazZCA,['03/18/2020 - 03/19/2020 08:30 AM - 04:00 PM']
136,AA - NEW HORIZON NEIGHORHOOD SENIOR CENTER,ChIJYREILJwE9YgRHKX1xm7ggLA,['03/03/2020 - 03/04/2020 08:30 AM - 04:00 PM']
137,AA - NORTH FULTON ANNEX,ChIJbcQ5rXEM9YgRofY9AuvOggs,"['03/02/2020 - 03/06/2020 08:30 AM - 06:00 PM', '03/09/2020 - 03/13/2020 08:30 AM - 06:00 PM', '03/14/2020 - 03/14/2020 08:30 AM - 06:00 PM', '03/15/2020 - 03/15/2020 12:00 PM - 05:00 PM', '03/16/2020 - 03/20/2020 08:30 AM - 06:00 PM']"
138,AA - NORTHWEST BRANCH AT SCOTTS CROSSING,ChIJaTkZzuEa9YgRisJCkARr_VI,"['03/02/2020 - 03/06/2020 08:30 AM - 06:00 PM', '03/09/2020 - 03/13/2020 08:30 AM - 06:00 PM', '03/14/2020 - 03/14/2020 08:30 AM - 06:00 PM', '03/15/2020 - 03/15/2020 12:00 PM - 05:00 PM', '03/16/2020 - 03/20/2020 08:30 AM - 06:00 PM']"
139,AA - PALMETTO LIBRARY,ChIJ_boi9-vc9IgRNTcBXir_7qA,['03/06/2020 - 03/07/2020 08:30 AM - 04:00 PM']
140,AA - PARK PLACE AT NEWTOWN SCHOOL,ChIJdf_M7P-f9YgRf11e82pNAjU,"['03/02/2020 - 03/06/2020 08:30 AM - 06:00 PM', '03/09/2020 - 03/13/2020 08:30 AM - 06:00 PM', '03/14/2020 - 03/14/2020 08:30 AM - 06:00 PM', '03/15/2020 - 03/15/2020 12:00 PM - 05:00 PM', '03/16/2020 - 03/20/2020 08:30 AM - 06:00 PM']"
141,AA - ROSWELL BRANCH LIBRARY,ChIJn8GouFRz9YgR4ZTxwNbifTo,"['03/02/2020 - 03/06/2020 08:30 AM - 06:00 PM', '03/09/2020 - 03/13/2020 08:30 AM - 06:00 PM', '03/14/2020 - 03/14/2020 08:30 AM - 06:00 PM', '03/15/2020 - 03/15/2020 12:00 PM - 05:00 PM', '03/16/2020 - 03/20/2020 08:30 AM - 06:00 PM']"
142,AA - ROSWELL NEIGHBORHOOD SENIOR CENTER,ChIJY4fj0sl09YgROhCD_9Q4wgE,"['03/14/2020 - 03/14/2020 08:30 AM - 04:00 PM', '03/15/2020 - 03/15/2020 12:00 PM - 05:00 PM']"
143,AA - SANDY SPRINGS BRANCH LIBRARY,ChIJfdAKRb0O9YgReJG-oOZ-u4E,"['03/02/2020 - 03/06/2020 08:30 AM - 06:00 PM', '03/09/2020 - 03/13/2020 08:30 AM - 06:00 PM', '03/14/2020 - 03/14/2020 08:30 AM - 06:00 PM', '03/15/2020 - 03/15/2020 12:00 PM - 05:00 PM', '03/16/2020 - 03/20/2020 08:30 AM - 06:00 PM']"
144,AA - SANDY SPRINGS CITY HALL,ChIJpZCkrZAO9YgRX6pwkd2oyiY,['03/05/2020 - 03/06/2020 08:30 AM - 04:00 PM']
145,AA - SOUTH FULTON ANNEX,ChIJvTX9PDvh9IgRmFu1sw1RfKY,"['03/02/2020 - 03/06/2020 08:30 AM - 06:00 PM', '03/09/2020 - 03/13/2020 08:30 AM - 06:00 PM', '03/14/2020 - 03/14/2020 08:30 AM - 06:00 PM', '03/15/2020 - 03/15/2020 12:00 PM - 05:00 PM', '03/16/2020 - 03/20/2020 08:30 AM - 06:00 PM']"
146,AA - WOLF CREEK LIBRARY,ChIJISHSuSvg9IgRip4X7qz89ns,"['03/02/2020 - 03/06/2020 08:30 AM - 06:00 PM', '03/09/2020 - 03/13/2020 08:30 AM - 06:00 PM', '03/14/2020 - 03/14/2020 08:30 AM - 06:00 PM', '03/15/2020 - 03/15/2020 12:00 PM - 05:00 PM', '03/16/2020 - 03/20/2020 08:30 AM - 06:00 PM']"
147,AA- ADAMS PARK LIBRARY,ChIJtTnFgxcd9YgRhD_IZzKfvD4,"['03/02/2020 - 03/06/2020 08:30 AM - 06:00 PM', '03/09/2020 - 03/13/2020 08:30 AM - 06:00 PM', '03/14/2020 - 03/14/2020 08:30 AM - 06:00 PM', '03/15/2020 - 03/15/2020 12:00 PM - 05:00 PM', '03/16/2020 - 03/20/2020 08:30 AM - 06:00 PM']"
148,AA - H.J.C. BOWDEN SENIOR MULTI-PURPOSE FACILITY,ChIJYYJO0FYd9YgRtE62H2JUick,['03/19/2020 - 03/20/2020 08:30 AM - 04:00 PM']
149,VOTER REGISTRATION OFFICE,ChIJKzRmolWWX4gRs8zK2OEym2c,"['03/02/2020 - 03/20/2020 08:30 AM - 05:00 PM', '03/02/2020 - 03/20/2020 08:30 AM - 04:30 PM', '03/14/2020 - 03/14/2020 09:00 AM - 04:00 PM']"
150,BALLARD,ChIJ5T65qNPX5IgRP1dC4gKVdG8,"['03/02/2020 - 03/02/2020 08:00 AM - 07:00 PM', '03/03/2020 - 03/06/2020 08:00 AM - 05:00 PM', '03/09/2020 - 03/09/2020 08:00 AM - 07:00 PM', '03/10/2020 - 03/13/2020 08:00 AM - 05:00 PM', '03/14/2020 - 03/14/2020 09:00 AM - 04:00 PM', '03/16/2020 - 03/16/2020 08:00 AM - 05:00 PM', '03/17/2020 - 03/20/2020 08:00 AM - 05:00 PM']"
151,BOARD OF ELECTIONS OFFICE PARK BLDG,ChIJP4yjzTrY5IgRsf84HmE2cjU,"['03/02/2020 - 03/02/2020 08:00 AM - 07:00 PM', '03/03/2020 - 03/06/2020 08:00 AM - 05:00 PM', '03/09/2020 - 03/09/2020 08:00 AM - 07:00 PM', '03/10/2020 - 03/13/2020 08:00 AM - 05:00 PM', '03/14/2020 - 03/14/2020 09:00 AM - 04:00 PM', '03/16/2020 - 03/16/2020 08:00 AM - 07:00 PM', '03/17/2020 - 03/20/2020 08:00 AM - 05:00 PM']"
152,SSI ADVANCED VOTING/FIRE STATION # 2,ChIJqWYSKoDQ5IgR_iq3Anfa7RI,"['03/02/2020 - 03/02/2020 08:00 AM - 07:00 PM', '03/03/2020 - 03/06/2020 08:00 AM - 05:00 PM', '03/09/2020 - 03/09/2020 08:00 AM - 07:00 PM', '03/10/2020 - 03/13/2020 08:00 AM - 05:00 PM', '03/14/2020 - 03/14/2020 09:00 AM - 04:00 PM', '03/16/2020 - 03/16/2020 08:00 AM - 07:00 PM', '03/17/2020 - 03/20/2020 08:00 AM - 05:00 PM']"
153,ADVANCED/EARLY VOTING,ChIJUaEsIlAHYIgRw_FrhnDm3Wc,"['03/02/2020 - 03/06/2020 08:30 AM - 05:00 PM', '03/09/2020 - 03/13/2020 08:30 AM - 05:00 PM', '03/14/2020 - 03/14/2020 09:00 AM - 04:00 PM', '03/16/2020 - 03/20/2020 08:30 AM - 05:00 PM']"
154,GRADY COUNTY BOARD OF REGISTRARS,ChIJb-UOiWqp7YgRbZZCb6RxoOg,"['03/02/2020 - 03/20/2020 08:30 AM - 04:30 PM', '03/14/2020 - 03/14/2020 09:00 AM - 04:00 PM']"
155,GREENE COUNTY ANNEX,ChIJs7rnPbP19ogR7MBn1w8jjM4,"['03/02/2020 - 03/06/2020 08:00 AM - 05:00 PM', '03/09/2020 - 03/13/2020 08:30 AM - 05:00 PM', '03/14/2020 - 03/14/2020 09:00 AM - 04:00 PM', '03/16/2020 - 03/20/2020 08:00 AM - 05:00 PM']"
156,BOGAN PARK COMMUNITY RECREATION CENTER,ChIJfe3x0XCT9YgRKhyUNaUh5jM,['03/09/2020 - 03/20/2020 07:00 AM - 07:00 PM']
157,DACULA PARK ACTIVITY BLDG,ChIJdUYHeSzA9YgRFgTt6CTo_2w,['03/09/2020 - 03/20/2020 07:00 AM - 07:00 PM']
158,GEORGE PIERCE PARK COMMUNITY RECREATION CENTER,ChIJeRRILQKX9YgRxKhk2Vdi5h4,['03/09/2020 - 03/20/2020 07:00 AM - 07:00 PM']
159,GWINNETT COUNTY BOARD OF VOTER REGISTRATIONS AND ELECTIONS,ChIJZ4AThN2-9YgR_msh3myWQlY,['03/02/2020 - 03/20/2020 07:00 AM - 07:00 PM']
160,LENORA PARK GYM,ChIJbdKVpya39YgRVU23FX59JXY,['03/09/2020 - 03/20/2020 07:00 AM - 07:00 PM']
161,LUCKY SHOALS PARK GYM,ChIJTeMVlGKm9YgRv0A5pSrlaTM,['03/09/2020 - 03/20/2020 07:00 AM - 07:00 PM']
162,MOUNTAIN PARK ACTIVITY BUILDING,ChIJIf9vCXCl9YgRucXz52MqhGE,['03/09/2020 - 03/20/2020 07:00 AM - 07:00 PM']
163,SHORTY HOWELL PARK ACTIVITY BUILDING ,ChIJQ7NdiVOi9YgREt13haUtVVM,['03/09/2020 - 03/20/2020 07:00 AM - 07:00 PM']
164,COUNTY ELECTIONS & REGISTRATION OFFICE,ChIJJzLFKWW0WIgROKNU9MRrOK4,['03/02/2020 - 03/20/2020 08:00 AM - 05:00 PM']
165,FIRST BAPTIST CHURCH OF CORNELIA,ChIJwygpRPStWIgRaikwbbBMHL4,"['03/14/2020 - 03/14/2020 09:00 AM - 04:00 PM', '03/16/2020 - 03/20/2020 08:00 AM - 07:00 PM']"
166,RUBY FULBRIGHT AQUATIC CENTER,ChIJSbMUfam2WIgROcPVTuYwSvY,"['03/14/2020 - 03/14/2020 09:00 AM - 04:00 PM', '03/16/2020 - 03/20/2020 08:00 AM - 07:00 PM']"
167,EAST HALL COMMUNITY BUILDING,ChIJr_eo9Eb49YgRsKoSQeOjvYA,"['03/14/2020 - 03/14/2020 07:00 AM - 07:00 PM', '03/16/2020 - 03/20/2020 07:00 AM - 07:00 PM']"
168,HALL COUNTY GOVERNMENT CENTER,ChIJtzCzL3D09YgRuYjbEmBAI-s,"['03/02/2020 - 03/06/2020 07:00 AM - 07:00 PM', '03/09/2020 - 03/14/2020 07:00 AM - 07:00 PM', '03/16/2020 - 03/20/2020 07:00 AM - 07:00 PM']"
169,NORTH HALL COMMUNITY CENTER,ChIJl8sYa69ZX4gRFgKALRREf7w,"['03/14/2020 - 03/14/2020 07:00 AM - 07:00 PM', '03/16/2020 - 03/20/2020 07:00 AM - 07:00 PM']"
170,SPOUT SPRINGS LIBRARY,ChIJiTMt5Qvt9YgRswX54LMxxoA,"['03/14/2020 - 03/14/2020 07:00 AM - 07:00 PM', '03/16/2020 - 03/20/2020 07:00 AM - 07:00 PM']"
171,HANCOCK BOER OFFICE,ChIJDb2Qpufg9ogRu8Y9u7W0FRw,"['03/02/2020 - 03/20/2020 08:00 AM - 05:00 PM', '03/14/2020 - 03/14/2020 09:00 AM - 04:00 PM']"
172,HARALSON COUNTY COURTHOUSE,ChIJcZqOYfrbiogRJOcRw3KQC80,"['03/02/2020 - 03/06/2020 08:30 AM - 05:00 PM', '03/09/2020 - 03/13/2020 08:30 AM - 05:00 PM', '03/14/2020 - 03/14/2020 09:00 AM - 04:00 PM', '03/16/2020 - 03/20/2020 08:30 AM - 05:00 PM']"
173,ADVANCED/ABSENTEE VOTING,ChIJSXoVnleAWIgRbCR2lVioHG0,"['03/02/2020 - 03/20/2020 08:00 AM - 05:00 PM', '03/14/2020 - 03/14/2020 09:00 AM - 04:00 PM']"
174,HEARD COUNTY COURTHOUSE,ChIJP8GxkJlIi4gR8XFgZuSoL7c,"['03/02/2020 - 03/06/2020 08:30 AM - 05:00 PM', '03/09/2020 - 03/13/2020 08:30 AM - 05:00 PM', '03/14/2020 - 03/14/2020 09:00 AM - 04:00 PM', '03/16/2020 - 03/20/2020 08:30 AM - 05:00 PM']"
175,FAIRVIEW RECREATION CENTER,ChIJcf_76XhU9IgRd6dOojuIFWs,"['03/14/2020 - 03/14/2020 09:00 AM - 04:00 PM', '03/16/2020 - 03/20/2020 07:00 AM - 07:00 PM']"
176,FORTSON LIBRARY,ChIJvfAbPPf19IgRLOFh3urXbJI,"['03/14/2020 - 03/14/2020 09:00 AM - 04:00 PM', '03/16/2020 - 03/20/2020 07:00 AM - 07:00 PM']"
177,J. P. MOSELEY PARK,ChIJYxxalRhR9IgR_v64v0MLbXs,['03/16/2020 - 03/20/2020 07:00 AM - 07:00 PM']
178,LOCUST GROVE LIBRARY,ChIJezgvwS5d9IgRDQYmS4-vRGw,"['03/14/2020 - 03/14/2020 09:00 AM - 04:00 PM', '03/16/2020 - 03/20/2020 07:00 AM - 07:00 PM']"
179,MERLE MANDERS CONFERENCE CENTER,ChIJVbR8Dl1W9IgR-8MZsNE_fWk,"['03/02/2020 - 03/06/2020 08:00 AM - 05:00 PM', '03/09/2020 - 03/13/2020 08:00 AM - 05:00 PM', '03/14/2020 - 03/14/2020 09:00 AM - 04:00 PM', '03/15/2020 - 03/15/2020 01:00 PM - 05:00 PM', '03/16/2020 - 03/20/2020 07:00 AM - 07:00 PM']"
180,CENTRAL GA TECH HEALTH SCIENCES BLDG,ChIJa951TAXe84gRphJk2zViLo0,"['03/09/2020 - 03/13/2020 08:00 AM - 05:00 PM', '03/16/2020 - 03/20/2020 08:00 AM - 05:00 PM']"
181,HOUSTON HEALTH PAVILION CONF CENTER,ChIJMxSjzw3h84gRzHvLEVe2zU8,"['03/09/2020 - 03/13/2020 08:00 AM - 05:00 PM', '03/14/2020 - 03/14/2020 09:00 AM - 04:00 PM', '03/16/2020 - 03/20/2020 08:00 AM - 05:00 PM']"
182,IRWIN COUNTY ELECTIONS OFFICE,Ei41MDcgTiBJcndpbiBBdmUgU1VJVEUgQywgT2NpbGxhLCBHQSAzMTc3NCwgVVNBIiMaIQoWChQKEgm5VqKhYt3xiBEcEyIVnPgiqhIHU1VJVEUgQw,"['03/02/2020 - 03/20/2020 08:00 AM - 05:00 PM', '03/14/2020 - 03/14/2020 09:00 AM - 04:00 PM']"
183,GORDON STREET CENTER,ChIJ7Ze5hbYJ9ogRfEnxobU8H14,"['03/02/2020 - 03/06/2020 07:00 AM - 05:00 PM', '03/07/2020 - 03/07/2020 08:00 AM - 04:00 PM', '03/09/2020 - 03/13/2020 07:00 AM - 05:00 PM', '03/14/2020 - 03/14/2020 08:00 AM - 04:00 PM', '03/16/2020 - 03/20/2020 07:00 AM - 05:00 PM']"
184,PARKS AND RECREATION DEPT,ChIJZam5x1cE9ogRIWBlTqAmh78,['03/16/2020 - 03/20/2020 08:00 AM - 05:00 PM']
185,POLICE & MUNICIPAL COURT BLDG,ChIJF9EMn4rl9YgRghF27yPCXZk,['03/16/2020 - 03/20/2020 07:00 AM - 05:00 PM']
186,JASPER COUNTY COURTHOUSE,Ei0xMjYgVyBHcmVlbmUgU3QgIzYsIE1vbnRpY2VsbG8sIEdBIDMxMDY0LCBVU0EiHRobChYKFAoSCZkqbekjIvSIEcixv7cMnGiNEgE2,"['03/02/2020 - 03/13/2020 08:30 AM - 04:30 PM', '03/14/2020 - 03/14/2020 09:00 AM - 04:00 PM', '03/16/2020 - 03/20/2020 08:30 AM - 04:30 PM']"
187,JEFF DAVIS COUNTY COURTHOUSE,ChIJn6z844NB8IgRb6mqVkg6wAg,"['03/02/2020 - 03/20/2020 09:00 AM - 05:00 PM', '03/14/2020 - 03/14/2020 09:00 AM - 05:00 PM']"
188,COURTHOUSE,ChIJ22gcEREe-ogRXgmDHCJjl6k,"['03/02/2020 - 03/06/2020 08:30 AM - 05:00 PM', '03/02/2020 - 03/20/2020 09:00 AM - 05:00 PM', '03/02/2020 - 03/20/2020 09:00 AM - 05:00 PM', '03/02/2020 - 03/20/2020 08:00 AM - 05:00 PM', '03/02/2020 - 03/20/2020 08:00 AM - 04:30 PM', '03/09/2020 - 03/13/2020 08:30 AM - 05:00 PM', '03/14/2020 - 03/14/2020 09:00 AM - 04:00 PM', '03/14/2020 - 03/14/2020 09:00 AM - 04:00 PM', '03/16/2020 - 03/20/2020 08:30 AM - 05:00 PM']"
189,LAMAR COUNTY BOARD OF ELECTIONS AND REGISTRATION OFFICE,ChIJRZST4sZ79IgRwNwcHGjEKyU,"['03/02/2020 - 03/06/2020 08:00 AM - 05:00 PM', '03/09/2020 - 03/13/2020 08:00 AM - 05:00 PM', '03/14/2020 - 03/14/2020 09:00 AM - 04:00 PM', '03/16/2020 - 03/20/2020 08:00 AM - 05:00 PM']"
190,LANIER COUNTY BOARD OF ELECTIONS,ChIJc7D2PTlH7ogR0mEMMerv4xI,"['03/02/2020 - 03/06/2020 08:00 AM - 05:00 PM', '03/09/2020 - 03/13/2020 08:00 AM - 05:00 PM']"
191,LAURENS COUNTY BOARD OF REGISTRARS OFFICE BUILDING,ChIJyWnXTIvf8IgRHyO1KneWyTY,['03/02/2020 - 03/20/2020 08:30 AM - 05:00 PM']
192,LIBERTY COUNTY COMPLEX,ChIJWWS_xyAc-4gRaHqFi-vlpBY,['03/02/2020 - 03/20/2020 08:00 AM - 05:00 PM']
193,LONG COUNTY COURTHOUSE,ChIJubZLoWbC-ogRYtVO15Fw7K0,"['03/02/2020 - 03/06/2020 08:00 AM - 05:00 PM', '03/09/2020 - 03/13/2020 08:00 AM - 05:00 PM', '03/14/2020 - 03/14/2020 09:00 AM - 04:00 PM', '03/16/2020 - 03/20/2020 08:00 AM - 05:00 PM']"
194,LOWNDES COUNTY ELECTIONS,ChIJLQTaRa1n7ogRF-teVG9TT-8,"['03/02/2020 - 03/06/2020 07:00 AM - 07:00 PM', '03/07/2020 - 03/07/2020 09:00 AM - 04:00 PM', '03/08/2020 - 03/08/2020 12:00 PM - 05:00 PM', '03/09/2020 - 03/13/2020 07:00 AM - 07:00 PM', '03/14/2020 - 03/14/2020 09:00 AM - 04:00 PM', '03/16/2020 - 03/20/2020 07:00 AM - 07:00 PM']"
195,MACON COUNTY ANNEX,ChIJdQ59sDKy84gRzqUpwb983Ks,"['03/02/2020 - 03/20/2020 08:00 AM - 05:00 PM', '03/14/2020 - 03/14/2020 09:00 AM - 04:00 PM']"
196,MADISON COUNTY BOARD OF ELECTIONS AND REGISTRATION,ChIJS0f0RTs99ogRxH93TeQrYCI,"['03/02/2020 - 03/06/2020 08:00 AM - 05:00 PM', '03/09/2020 - 03/13/2020 08:00 AM - 05:00 PM', '03/14/2020 - 03/14/2020 09:00 AM - 04:00 PM', '03/16/2020 - 03/20/2020 08:00 AM - 05:00 PM']"
197,ADVANCE VOTING,ChIJgRQRWfgb84gRyGCGM-jwDCs,"['03/02/2020 - 03/20/2020 08:15 AM - 04:45 PM', '03/02/2020 - 03/20/2020 08:30 AM - 05:00 PM', '03/02/2020 - 03/20/2020 08:00 AM - 04:30 PM', '03/14/2020 - 03/14/2020 09:00 AM - 04:00 PM', '03/14/2020 - 03/14/2020 09:00 AM - 04:00 PM']"
198,DEARING COMMUNITY CENTER,ChIJi3qRFZx694gR_7H4j5Crlgk,['03/02/2020 - 03/20/2020 08:00 AM - 04:30 PM']
199,PRECINCT ON MAIN (OLD THS GYM),ChIJ819Dp49z94gRPgwAkyF97CE,['03/02/2020 - 03/20/2020 08:00 AM - 04:30 PM']
200,ELECTION HQ,ChIJswwInumm9IgRz2ycHQFw8qc,"['03/02/2020 - 03/06/2020 08:30 AM - 05:00 PM', '03/09/2020 - 03/13/2020 08:30 AM - 05:00 PM', '03/14/2020 - 03/14/2020 09:00 AM - 04:00 PM', '03/16/2020 - 03/20/2020 08:30 AM - 05:00 PM']"
201,MILLER COUNTY COURTHOUSE,ChIJv6F70p1H7YgRYAcw-x_QPhA,"['03/02/2020 - 03/20/2020 09:00 AM - 05:00 PM', '03/14/2020 - 03/14/2020 09:00 AM - 04:00 PM']"
202,REGISTRAR'S OFFICE (EARLY VOTING),ChIJvZkFMk5z9IgR-dtegsOoNeE,"['03/02/2020 - 03/06/2020 08:30 AM - 05:00 PM', '03/09/2020 - 03/13/2020 08:30 AM - 05:00 PM', '03/14/2020 - 03/14/2020 09:00 AM - 04:00 PM', '03/16/2020 - 03/20/2020 08:30 AM - 05:00 PM']"
203,MONTGOMERY COUNTY COURTHOUSE,ChIJP1J2TgX18IgRrXZvLRniHOY,"['03/02/2020 - 03/06/2020 08:30 AM - 05:00 PM', '03/09/2020 - 03/13/2020 08:30 AM - 05:00 PM', '03/14/2020 - 03/14/2020 09:00 AM - 04:00 PM', '03/16/2020 - 03/20/2020 08:30 AM - 05:00 PM']"
204,ABSA,ChIJuQiTGgqH9ogRiAYDG8lvNE8,"['03/02/2020 - 03/06/2020 08:00 AM - 05:00 PM', '03/09/2020 - 03/13/2020 08:00 AM - 05:00 PM', '03/14/2020 - 03/14/2020 09:00 AM - 04:00 PM', '03/16/2020 - 03/20/2020 08:00 AM - 05:00 PM']"
205,ABSA,ChIJuQiTGgqH9ogRiAYDG8lvNE8,['04/27/2020 - 05/15/2020 09:00 AM - 05:00 PM']
206,MURRAY COUNTY RECREATION CENTER,ChIJ4eeXdNjCX4gR_1cgIrBxpFE,"['03/02/2020 - 03/06/2020 08:30 AM - 04:30 PM', '03/09/2020 - 03/13/2020 08:30 AM - 04:30 PM', '03/14/2020 - 03/14/2020 09:00 AM - 04:00 PM', '03/16/2020 - 03/20/2020 08:30 AM - 04:30 PM']"
207,MURRAY COUNTY RECREATION CENTER,ChIJ4eeXdNjCX4gR_1cgIrBxpFE,"['04/27/2020 - 05/01/2020 08:30 AM - 04:30 PM', '05/04/2020 - 05/08/2020 08:30 AM - 04:30 PM', '05/09/2020 - 05/09/2020 09:00 AM - 04:00 PM', '05/11/2020 - 05/15/2020 08:30 AM - 04:30 PM']"
208,MURRAY COUNTY RECREATION CENTER,ChIJ4eeXdNjCX4gR_1cgIrBxpFE,"['06/29/2020 - 07/02/2020 08:30 AM - 04:30 PM', '07/06/2020 - 07/10/2020 08:30 AM - 04:30 PM', '07/13/2020 - 07/17/2020 08:30 AM - 04:30 PM']"
209,MURRAY COUNTY RECREATION CENTER,ChIJ4eeXdNjCX4gR_1cgIrBxpFE,"['10/12/2020 - 10/16/2020 08:30 AM - 04:30 PM', '10/19/2020 - 10/23/2020 08:30 AM - 04:30 PM', '10/24/2020 - 10/24/2020 09:00 AM - 04:00 PM', '10/26/2020 - 10/30/2020 08:30 AM - 04:30 PM']"
210,CITIZENS SERVICE CENTER,ChIJ83U2XCnNjIgRURfBumcnJsE,"['03/02/2020 - 03/06/2020 07:00 AM - 07:00 PM', '03/07/2020 - 03/08/2020 09:00 AM - 04:00 PM', '03/09/2020 - 03/13/2020 07:00 AM - 07:00 PM', '03/14/2020 - 03/15/2020 09:00 AM - 04:00 PM', '03/16/2020 - 03/20/2020 07:00 AM - 07:00 PM']"
211,NEWTON COUNTY ADMIN BUILDING,ChIJrappwmI09IgRrzkg_T73SF8,"['03/02/2020 - 03/06/2020 08:00 AM - 05:00 PM', '03/09/2020 - 03/13/2020 08:00 AM - 05:00 PM', '03/14/2020 - 03/14/2020 09:00 AM - 04:00 PM', '03/16/2020 - 03/20/2020 08:00 AM - 05:00 PM']"
212,PORTER MEMORIAL LIBRARY,ChIJ-3U-hCVJ9IgRek8ddEV_GlQ,['03/16/2020 - 03/20/2020 09:00 AM - 04:00 PM']
213,BOARD OF ELECTIONS,ChIJHTOl19lF9ogRVhRaHJTuTqs,"['03/02/2020 - 03/06/2020 08:00 AM - 05:00 PM', '03/02/2020 - 03/06/2020 08:30 AM - 04:30 PM', '03/02/2020 - 03/06/2020 08:00 AM - 05:00 PM', '03/02/2020 - 03/20/2020 08:00 AM - 05:00 PM', '03/09/2020 - 03/13/2020 08:00 AM - 05:00 PM', '03/09/2020 - 03/13/2020 08:30 AM - 04:30 PM', '03/09/2020 - 03/13/2020 08:00 AM - 05:00 PM', '03/14/2020 - 03/14/2020 09:00 AM - 04:00 PM', '03/14/2020 - 03/14/2020 09:00 AM - 04:00 PM', '03/14/2020 - 03/14/2020 09:00 AM - 04:00 PM', '03/14/2020 - 03/14/2020 09:00 AM - 04:00 PM', '03/16/2020 - 03/20/2020 08:00 AM - 05:00 PM', '03/16/2020 - 03/20/2020 08:30 AM - 04:30 PM', '03/16/2020 - 03/20/2020 08:00 AM - 05:00 PM']"
214,BURNT HICKORY PARK,ChIJU-xkGRo29YgRUZOagXw-TGo,['03/16/2020 - 03/20/2020 08:00 AM - 07:00 PM']
215,DIANNE WRIGHT INNOVATION CENTER,ChIJc7NkH4Uv9YgRDnDVBgfUnxI,['03/16/2020 - 03/20/2020 08:00 AM - 07:00 PM']
216,WATSON GOV'T COMPLEX,ChIJLzUZjXkx9YgRr04XUUEgl-Q,"['03/02/2020 - 03/13/2020 08:00 AM - 05:00 PM', '03/07/2020 - 03/07/2020 09:00 AM - 04:00 PM', '03/14/2020 - 03/14/2020 09:00 AM - 04:00 PM', '03/16/2020 - 03/20/2020 08:00 AM - 07:00 PM']"
217,BYRON MUNICIPAL COMPLEX,ChIJzdMv___l84gRAxHwEKOtBqA,['03/02/2020 - 03/20/2020 09:00 AM - 05:00 PM']
218,PEACH COUNTY BOARD OF ELECTIONS & REGISTRATION OFFICE,ChIJ5Wo8mczB84gR1_yp7-eG7eE,['03/02/2020 - 03/20/2020 09:00 AM - 05:00 PM']
219,PICKENS COUNTY BOARD OF ELECTIONS & REGISTRATION,ChIJBWe6q-KFX4gRrinG1mWS8eA,"['03/02/2020 - 03/13/2020 08:00 AM - 05:00 PM', '03/14/2020 - 03/14/2020 09:00 AM - 04:00 PM', '03/16/2020 - 03/20/2020 08:00 AM - 05:00 PM']"
220,ADVANCE/EARLY VOTING/REGISTRAR OFFICE,ChIJ-e8b522G9IgRM629T77w2CI,"['03/02/2020 - 03/20/2020 09:00 AM - 04:00 PM', '03/14/2020 - 03/14/2020 09:00 AM - 04:00 PM']"
221,CEDARTOWN ELECTIONS OFFICE,ChIJl-iVU8nBiogRk8B0210xe5o,"['03/02/2020 - 03/06/2020 09:00 AM - 05:00 PM', '03/09/2020 - 03/13/2020 09:00 AM - 05:00 PM', '03/14/2020 - 03/14/2020 09:00 AM - 04:00 PM', '03/16/2020 - 03/16/2020 09:00 AM - 05:00 PM', '03/17/2020 - 03/17/2020 09:00 AM - 07:00 PM', '03/18/2020 - 03/18/2020 09:00 AM - 05:00 PM', '03/19/2020 - 03/19/2020 09:00 AM - 07:00 PM', '03/20/2020 - 03/20/2020 09:00 AM - 05:00 PM']"
222,ROCKMART COMMUNITY CENTER,ChIJaRY0YnPJiogR2w3luINZAOs,"['03/02/2020 - 03/06/2020 09:00 AM - 05:00 PM', '03/09/2020 - 03/13/2020 09:00 AM - 05:00 PM', '03/14/2020 - 03/14/2020 09:00 AM - 04:00 PM', '03/16/2020 - 03/16/2020 09:00 AM - 05:00 PM', '03/17/2020 - 03/17/2020 09:00 AM - 07:00 PM', '03/18/2020 - 03/18/2020 09:00 AM - 05:00 PM', '03/19/2020 - 03/19/2020 09:00 AM - 07:00 PM', '03/20/2020 - 03/20/2020 09:00 AM - 05:00 PM']"
223,COMMUNITY SERVICE BLDG.,ChIJhYTj99N78YgRlTH4wQ77m50,"['03/02/2020 - 03/20/2020 08:00 AM - 05:00 PM', '03/14/2020 - 03/14/2020 09:00 AM - 04:00 PM']"
224,PUTNAM COUNTY ADMINISTRATION BUILDING,ChIJNd5f1RiX9ogR7cdBoRk5YyI,['03/16/2020 - 03/20/2020 08:00 AM - 05:00 PM']
225,WATERWORKS BUILDING,Eig0NTcgRSBTdW10ZXIgU3QsIEVhdG9udG9uLCBHQSAzMTAyNCwgVVNBIhsSGQoUChIJoyfs-x-X9ogR_ynXw6egec8QyQM,['03/02/2020 - 03/20/2020 08:00 AM - 05:00 PM']
226,ADVANCE/ EARLY VOTING,ChIJwQmMYeJHjYgRdpPH6TtrkNg,"['03/02/2020 - 03/06/2020 09:00 AM - 04:00 PM', '03/09/2020 - 03/14/2020 09:00 AM - 04:00 PM', '03/16/2020 - 03/20/2020 09:00 AM - 04:00 PM']"
227,RABUN COUNTY BOARD OF ELECTION,ChIJt5GtaL_aWIgRjUlP7P0K9Mc,"['03/02/2020 - 03/06/2020 08:30 AM - 05:00 PM', '03/09/2020 - 03/13/2020 08:30 AM - 05:00 PM', '03/14/2020 - 03/14/2020 09:00 AM - 04:00 PM', '03/16/2020 - 03/20/2020 08:30 AM - 05:00 PM']"
228,COURTHOUSE-GOVT CENTER,ChIJ_3-tLZGw8ogRCj1p3UvaWGI,"['03/02/2020 - 03/06/2020 08:00 AM - 05:00 PM', '03/09/2020 - 03/13/2020 08:00 AM - 05:00 PM', '03/14/2020 - 03/14/2020 09:00 AM - 04:00 PM', '03/16/2020 - 03/20/2020 08:00 AM - 05:00 PM']"
229,1 MAIN OFFICE,ChIJn3yMG3PM-YgRgDdGSh4uLiI,"['03/02/2020 - 03/06/2020 08:30 AM - 05:00 PM', '03/02/2020 - 03/06/2020 07:00 AM - 07:00 PM', '03/07/2020 - 03/07/2020 08:00 AM - 05:00 PM', '03/09/2020 - 03/13/2020 08:30 AM - 05:00 PM', '03/09/2020 - 03/13/2020 07:00 AM - 07:00 PM', '03/14/2020 - 03/14/2020 09:00 AM - 04:00 PM', '03/14/2020 - 03/14/2020 08:00 AM - 05:00 PM', '03/16/2020 - 03/20/2020 08:30 AM - 06:00 PM', '03/16/2020 - 03/20/2020 07:00 AM - 07:00 PM']"
230,DIAMOND LAKES REGIONAL PARK,ChIJGWR2CGPa-YgR8jzy1_YzRxE,"['03/14/2020 - 03/14/2020 09:00 AM - 04:00 PM', '03/16/2020 - 03/20/2020 08:30 AM - 06:00 PM']"
231,HENRY H BRIGHAM COMM.CENTER,ChIJXyZGAOjR-YgR9d-vSUopBt0,"['03/14/2020 - 03/14/2020 09:00 AM - 04:00 PM', '03/16/2020 - 03/20/2020 08:30 AM - 06:00 PM']"
232,WARREN RD RECREATION CENTER,ChIJ8WOp2o3S-YgRvFd9qSMKwkY,"['03/14/2020 - 03/14/2020 09:00 AM - 04:00 PM', '03/16/2020 - 03/20/2020 08:30 AM - 06:00 PM']"
233,BOARD OF ELECTIONS ANNEX,ChIJ--PRKFWz9YgRsvNOIqHa9E8,"['03/02/2020 - 03/06/2020 08:00 AM - 04:30 PM', '03/09/2020 - 03/13/2020 08:00 AM - 04:30 PM', '03/14/2020 - 03/14/2020 09:00 AM - 04:00 PM', '03/16/2020 - 03/17/2020 08:00 AM - 04:30 PM', '03/18/2020 - 03/20/2020 08:00 AM - 07:00 PM']"
234,CONYERS CHURCH OF CHRIST,ChIJO0t6RUZL9IgRYDu37d7p1DQ,"['03/02/2020 - 03/06/2020 08:00 AM - 04:30 PM', '03/09/2020 - 03/13/2020 08:00 AM - 04:30 PM', '03/16/2020 - 03/17/2020 08:00 AM - 04:30 PM', '03/18/2020 - 03/20/2020 08:00 AM - 07:00 PM']"
235,ST SIMON'S EPISCOPAL CHURCH,ChIJ5R5GJLi09YgR_sK4C_4kEdw,"['03/02/2020 - 03/06/2020 08:00 AM - 04:30 PM', '03/09/2020 - 03/13/2020 08:00 AM - 04:30 PM', '03/16/2020 - 03/17/2020 08:00 AM - 04:30 PM', '03/18/2020 - 03/20/2020 08:00 AM - 07:00 PM']"
236,SCHLEY COUNTY COURT HOUSE ANNEX,ChIJYfF-Qi0A84gRI1AY3v0bpDs,"['03/02/2020 - 03/20/2020 08:00 AM - 05:00 PM', '03/14/2020 - 03/14/2020 09:00 AM - 04:00 PM']"
237,SEMINOLE COUNTY COURTHOUSE,ChIJb_eberwz7YgR92zyJsP6Gis,['03/02/2020 - 03/20/2020 09:00 AM - 05:00 PM']
238,GRIFFIN-SPALDING ATHLETIC HALL OF FAME,Eic4NDEgTWVtb3JpYWwgRHIsIEdyaWZmaW4sIEdBIDMwMjIzLCBVU0EiGxIZChQKEgkpaRLGwGH0iBECCKOIcHOEpBDJBg,"['03/02/2020 - 03/20/2020 08:00 AM - 05:00 PM', '03/14/2020 - 03/14/2020 09:00 AM - 04:00 PM']"
239,STEPHENS COUNTY GOVERNMENT BUILDING,ChIJb-ITUA-8WIgRom1kIlpAT9s,['03/02/2020 - 03/20/2020 09:00 AM - 05:00 PM']
240,SUMTER COUNTY COURTHOUSE,ChIJRd5EpLxX8ogRjAnAhdSSlRc,['03/02/2020 - 03/20/2020 09:00 AM - 05:00 PM']
241,TALBOT BOARD OF ELECTIONS & REGISTRATION,ChIJcS63xedr84gRWXoRI7PDBSw,"['03/02/2020 - 03/06/2020 09:00 AM - 04:00 PM', '03/09/2020 - 03/14/2020 09:00 AM - 04:00 PM', '03/16/2020 - 03/20/2020 09:00 AM - 04:00 PM']"
242,OLD COLLINS GYM,ChIJlWeSWRZ8-ogRHYPUvuJQvas,['03/16/2020 - 03/20/2020 08:00 AM - 05:00 PM']
243,SOUTHEASTERN TECH SCHOOL,EigyMDkgQm9sdG9uIFN0LCBHbGVubnZpbGxlLCBHQSAzMDQyNywgVVNBIhsSGQoUChIJYXqM45CN-ogRfFWKkWtaUWQQ0QE,['03/16/2020 - 03/20/2020 08:00 AM - 05:00 PM']
244,VOTER REGISTRAR OFFICE,ChIJu2Y1I0-g84gRx5FCB6UxWnU,"['03/02/2020 - 03/06/2020 08:00 AM - 05:00 PM', '03/09/2020 - 03/13/2020 08:00 AM - 05:00 PM', '03/14/2020 - 03/14/2020 09:00 AM - 04:00 PM', '03/16/2020 - 03/20/2020 08:00 AM - 05:00 PM']"
245,TELFAIR CO REGISTRAR OFFICE,Eik5MSBUZWxmYWlyIEF2ZSBCTERHIDMsIEdlb3JnaWEgMzEwNTUsIFVTQSIiGiAKFgoUChIJc9JxM1dT8IgRNAcux4TgzNcSBkJMREcgMw,"['03/02/2020 - 03/06/2020 08:00 AM - 05:00 PM', '03/09/2020 - 03/13/2020 08:00 AM - 05:00 PM', '03/14/2020 - 03/14/2020 09:00 AM - 04:00 PM']"
246,DAWSON GOVERNMENTAL BUILDING,ChIJ0xcruh-O8ogREkjUxTbrJxY,"['03/02/2020 - 03/20/2020 08:30 AM - 05:00 PM', '03/14/2020 - 03/14/2020 09:00 AM - 04:00 PM']"
247,OLD GYM,Ei4yMjIgQ2hlc3RudXQgQXZlIEJMREcgQiwgVGlmdG9uLCBHQSAzMTc5NCwgVVNBIiIaIAoWChQKEgnX71yiAALuiBGu5abKkY4BeRIGQkxERyBC,"['03/02/2020 - 03/06/2020 08:00 AM - 05:00 PM', '03/09/2020 - 03/13/2020 08:00 AM - 05:00 PM', '03/14/2020 - 03/14/2020 09:00 AM - 04:00 PM', '03/16/2020 - 03/20/2020 08:00 AM - 05:00 PM']"
248,TOOMBS COUNTY ADVANCE VOTING LOCATION,ChIJ8zt8Vp-G8IgRtP4tHGO6ZTk,"['03/02/2020 - 03/20/2020 08:30 AM - 05:00 PM', '03/14/2020 - 03/14/2020 08:30 AM - 04:00 PM']"
249,BOARD OF ELECTIONS & REGISTRATION,ChIJuzaR310vX4gRqmZHPWXHxqI,"['03/02/2020 - 03/20/2020 08:30 AM - 04:30 PM', '03/14/2020 - 03/14/2020 08:30 AM - 04:30 PM']"
250,TREUTLEN COUNTY ANNEX,ChIJrRXtju_s8IgRhp7I416ur_M,"['03/02/2020 - 03/06/2020 08:00 AM - 05:00 PM', '03/09/2020 - 03/13/2020 08:00 AM - 05:00 PM', '03/14/2020 - 03/14/2020 09:00 AM - 04:00 PM', '03/16/2020 - 03/20/2020 08:00 AM - 05:00 PM']"
251,GOVERNMENT CENTER,ChIJlec9rJtWi4gRjGniSkJJclA,"['03/02/2020 - 03/06/2020 08:00 AM - 05:00 PM', '03/02/2020 - 03/20/2020 08:00 AM - 06:00 PM', '03/09/2020 - 03/13/2020 08:00 AM - 05:00 PM', '03/14/2020 - 03/14/2020 09:00 AM - 04:00 PM', '03/14/2020 - 03/14/2020 09:00 AM - 04:00 PM', '03/16/2020 - 03/20/2020 08:00 AM - 05:00 PM']"
252,AMERICAN LEGION BUILDING,ChIJoSYKaOQc8ogROJlEdwOnm6E,"['03/02/2020 - 03/20/2020 08:00 AM - 05:00 PM', '03/14/2020 - 03/14/2020 09:00 AM - 04:00 PM']"
253,TWIGGSCOUNTY COURTHOUSE,ChIJjT3QEtBF8YgRp5__pzo4SUM,"['03/02/2020 - 03/20/2020 09:00 AM - 05:00 PM', '03/14/2020 - 03/14/2020 09:00 AM - 04:00 PM']"
254,ABSENTEE,ChIJ9X0RL44XX4gRRy1hDprcskI,"['03/02/2020 - 03/06/2020 08:00 AM - 04:30 PM', '03/09/2020 - 03/13/2020 08:00 AM - 04:30 PM', '03/14/2020 - 03/14/2020 09:00 AM - 04:00 PM', '03/16/2020 - 03/20/2020 08:00 AM - 04:30 PM']"
255,CIVIC CENTER,ChIJXbAx-h5_84gR0T8_mr-4Zf4,['03/02/2020 - 03/20/2020 08:30 AM - 04:30 PM']
256,CHICKAMAUGA CIVIC CENTER,ChIJZwFxnCJCYIgRqDvRfue6x20,"['03/14/2020 - 03/14/2020 09:00 AM - 04:00 PM', '03/16/2020 - 03/20/2020 08:30 AM - 04:30 PM']"
257,GEORGIA NORTHWESTERN TECHNICAL COLLEGE ,ChIJm5Rlo_ZqYIgRB_060NfRmgE,"['03/14/2020 - 03/14/2020 09:00 AM - 04:00 PM', '03/16/2020 - 03/20/2020 08:30 AM - 04:30 PM']"
258,LOOKOUT MOUNTAIN UNITED METHODIST CHURCH,ChIJDwWPFGFbYIgRRIjmEk9w_ww,"['03/14/2020 - 03/14/2020 09:00 AM - 04:00 PM', '03/16/2020 - 03/20/2020 08:30 AM - 04:30 PM']"
259,ROSSVILLE MUNICIPAL CIVIC CENTER ,ChIJdfId-W1dYIgRnfX_B--GSMM,"['03/14/2020 - 03/14/2020 09:00 AM - 04:00 PM', '03/16/2020 - 03/20/2020 08:30 AM - 04:30 PM']"
260,WALKER COUNTY COURTHOUSE,ChIJzTXMehg-YIgRAxHPjONkxy4,"['03/02/2020 - 03/06/2020 08:00 AM - 05:00 PM', '03/09/2020 - 03/13/2020 08:00 AM - 05:00 PM', '03/14/2020 - 03/14/2020 09:00 AM - 04:00 PM', '03/16/2020 - 03/20/2020 08:00 AM - 05:00 PM']"
261,MERIDIAN PARK,ChIJjTxTpCfG9YgRPgLKeqaEj-E,['03/02/2020 - 03/20/2020 09:00 AM - 04:00 PM']
262,SOCIAL CIRCLE CITY HALL,ChIJd0uAVCDT9YgRNhhYupjSsUE,['03/02/2020 - 03/20/2020 08:00 AM - 04:30 PM']
263,WALNUT GROVE COMMUNITY CENTER,ChIJ1xlBGETJ9YgR4PPAJUVswEc,"['03/02/2020 - 03/03/2020 09:00 AM - 05:00 PM', '03/04/2020 - 03/04/2020 09:00 AM - 01:00 PM', '03/05/2020 - 03/06/2020 09:00 AM - 05:00 PM', '03/09/2020 - 03/10/2020 09:00 AM - 05:00 PM', '03/11/2020 - 03/11/2020 09:00 AM - 01:00 PM', '03/12/2020 - 03/13/2020 09:00 AM - 05:00 PM', '03/16/2020 - 03/17/2020 09:00 AM - 05:00 PM', '03/18/2020 - 03/18/2020 09:00 AM - 01:00 PM', '03/19/2020 - 03/20/2020 09:00 AM - 05:00 PM']"
264,WALTON COUNTY ELECTIONS OFFICE,ChIJ4d_8fr7Q9YgRCk47pHdAF9s,['03/02/2020 - 03/20/2020 08:30 AM - 05:00 PM']
265, BOARD OF ELECTIONS AND REGISTRATION,ChIJPa2mb3Hw74gRyHCyqcZhnX4,"['03/02/2020 - 03/20/2020 08:30 AM - 05:00 PM', '03/14/2020 - 03/14/2020 08:30 AM - 05:00 PM']"
266,COMMUNITY SERVICE BUILDING,ChIJT11UpxsO94gRkJQ7QE8P7Ns,"['03/02/2020 - 03/20/2020 08:00 AM - 05:00 PM', '03/14/2020 - 03/14/2020 09:00 AM - 04:00 PM']"
267,WASHINGTON COUNTY BOARD OF ELECTIONS AND REGISTRATION,ChIJH2KLybcu94gRYI3y2urD4Zc,"['03/02/2020 - 03/20/2020 09:00 AM - 05:00 PM', '03/14/2020 - 03/14/2020 09:00 AM - 04:00 PM']"
268,WAYNE COUNTY COURT HOUSE,ChIJo8lg1o64-ogR9fGVPDYdiQQ,['03/02/2020 - 03/20/2020 08:00 AM - 05:00 PM']
269,WEBSTER COUNTY COMMISSIONER OFFICE,ChIJq5Gd4Brm8ogRWniY9EFo1hM,['03/02/2020 - 03/20/2020 08:30 AM - 04:00 PM']
270,COMMUNITY CENTER,ChIJh4CQICpW8IgR-lw8TeyCtj0,"['03/02/2020 - 03/20/2020 09:00 AM - 05:00 PM', '03/14/2020 - 03/14/2020 09:00 AM - 02:00 PM']"
271,MAUNEY BUILDING,ChIJq9RhTqxIX4gR4a3BgTauOaY,"['03/02/2020 - 03/20/2020 08:00 AM - 05:00 PM', '03/14/2020 - 03/14/2020 09:00 AM - 04:00 PM']"
272,WHITFIELD COUNTY COURTHOUSE,ChIJJVs71Tp1YIgRx1yiteJo-d0,"['03/02/2020 - 03/06/2020 08:00 AM - 05:00 PM', '03/09/2020 - 03/13/2020 08:00 AM - 05:00 PM', '03/14/2020 - 03/14/2020 09:00 AM - 04:00 PM', '03/16/2020 - 03/20/2020 08:00 AM - 05:00 PM']"
273,WILCOX BOARD OF ELECTIONS & REGISTRATION,ChIJWUl7EWeX8YgR0N1RHKdkuFg,"['03/02/2020 - 03/20/2020 08:00 AM - 04:00 PM', '03/14/2020 - 03/14/2020 09:00 AM - 04:00 PM']"
274,BOARD OF REGISTRARS,ChIJ81BBKaql94gR3lSoBi3ngMM,"['03/02/2020 - 03/20/2020 09:00 AM - 05:00 PM', '03/14/2020 - 03/14/2020 09:00 AM - 04:00 PM']"
275,WORTH COUNTY VOTER REGISTRATION OFFICE,EisyMDEgTiBNYWluIFN0ICMxMCwgU3lsdmVzdGVyLCBHQSAzMTc5MSwgVVNBIh4aHAoWChQKEgkruS-FdwnyiBEPNzwisSh-whICMTA,"['03/02/2020 - 03/20/2020 08:00 AM - 05:00 PM', '03/14/2020 - 03/14/2020 09:00 AM - 04:00 PM']"
